CASE_ID,ACCIDENT_YEAR,PROC_DATE,JURIS,COLLISION_DATE,COLLISION_TIME,OFFICER_ID,REPORTING_DISTRICT,DAY_OF_WEEK,CHP_SHIFT,POPULATION,CNTY_CITY_LOC,SPECIAL_COND,BEAT_TYPE,CHP_BEAT_TYPE,CITY_DIVISION_LAPD,CHP_BEAT_CLASS,BEAT_NUMBER,PRIMARY_RD,SECONDARY_RD,DISTANCE,DIRECTION,INTERSECTION,WEATHER_1,WEATHER_2,STATE_HWY_IND,CALTRANS_COUNTY,CALTRANS_DISTRICT,STATE_ROUTE,ROUTE_SUFFIX,POSTMILE_PREFIX,POSTMILE,LOCATION_TYPE,RAMP_INTERSECTION,SIDE_OF_HWY,TOW_AWAY,COLLISION_SEVERITY,NUMBER_KILLED,NUMBER_INJURED,PARTY_COUNT,PRIMARY_COLL_FACTOR,PCF_CODE_OF_VIOL,PCF_VIOL_CATEGORY,PCF_VIOLATION,PCF_VIOL_SUBSECTION,HIT_AND_RUN,TYPE_OF_COLLISION,MVIW,PED_ACTION,ROAD_SURFACE,ROAD_COND_1,ROAD_COND_2,LIGHTING,CONTROL_DEVICE,CHP_ROAD_TYPE,PEDESTRIAN_ACCIDENT,BICYCLE_ACCIDENT,MOTORCYCLE_ACCIDENT,TRUCK_ACCIDENT,NOT_PRIVATE_PROPERTY,ALCOHOL_INVOLVED,STWD_VEHTYPE_AT_FAULT,CHP_VEHTYPE_AT_FAULT,COUNT_SEVERE_INJ,COUNT_VISIBLE_INJ,COUNT_COMPLAINT_PAIN,COUNT_PED_KILLED,COUNT_PED_INJURED,COUNT_BICYCLIST_KILLED,COUNT_BICYCLIST_INJURED,COUNT_MC_KILLED,COUNT_MC_INJURED,PRIMARY_RAMP,SECONDARY_RAMP,LATITUDE,LONGITUDE,COUNTY,CITY,POINT_X,POINT_Y
9273981,2021,2021-07-01,1304,2021-06-05,1250,359,,6,5,4,1304,0,0,0,,0,,"DOGWOOD RD","WAKE AV",67.00,N,N,A,-,N,,,,,,,,,,Y,3,0,1,2,A,-,08,22107,,N,D,C,A,A,H,-,A,A,0,,,,,Y,,A,01,0,1,0,0,0,0,0,0,0,"- ","- ",,,IMPERIAL,"EL CENTRO",-115.53521728515625,32.770832061767578
91593137,2021,2021-10-11,9625,2021-10-03,1120,017727,,7,1,9,1300,0,1,3,,1,021,SR-111,"RUTHERFORD ROAD",0.00,,Y,A,-,Y,,,111,,,,,,,Y,2,0,4,2,A,-,09,21801,A,F,A,C,A,A,H,-,A,D,0,,,,,Y,,A,01,2,0,2,0,0,0,0,0,0,"- ","- ",33.044498443603516,-115.52729797363281,IMPERIAL,UNINCORPORATED,-115.52733612060547,33.044502258300781
91414407,2021,2021-02-24,9625,2021-02-12,1725,018930,,5,2,9,1300,0,3,5,,2,050,"WARE ROAD","FAWCETT ROAD",290.00,S,N,A,-,N,,,,,,,,,,N,2,0,1,2,A,-,03,22350,,F,C,G,A,A,H,-,A,D,0,,Y,,,Y,,-,99,1,0,0,0,0,0,1,0,0,"- ","- ",32.721298217773438,-115.52559661865234,IMPERIAL,UNINCORPORATED,-115.52562713623047,32.722587585449219
9262114,2021,2021-05-06,1304,2021-04-23,0727,360,EEAS,5,5,4,1304,0,0,0,,0,,DOGWOOD,"MAIN ST",270.00,N,N,A,-,N,,,,,,,,,,N,3,0,2,2,A,-,09,21801,A,N,D,C,A,A,H,-,A,A,0,,,,,Y,,-,,0,2,0,0,0,0,0,0,0,"- ","- ",,,IMPERIAL,"EL CENTRO",-115.53565216064453,32.792819976806641
9364417,2021,2021-12-02,1304,2021-10-26,0847,363,EWES,2,5,4,1304,0,0,0,,0,WEST,"N WATERMEN AV","N WATERMEN AV 2105",0.00,,Y,A,-,N,,,,,,,,,,N,3,0,1,2,A,-,"- ",,,N,D,C,A,A,H,-,A,D,0,,,,,Y,,-,,0,1,0,0,0,0,0,0,0,"- ","- ",32.813018798828125,-115.57649230957031,IMPERIAL,"EL CENTRO",-115.57421875,32.8167724609375
91536540,2021,2021-08-04,9625,2021-07-26,2015,019667,,1,2,9,1300,0,1,3,,1,044,"SR-86 N/B","KEYSTONE ROAD",2300.00,N,N,A,-,Y,,,86,,,,,,N,N,3,0,1,1,A,-,08,22107,,N,E,I,A,A,H,-,D,D,0,,,,,Y,,A,01,0,1,0,0,0,0,0,0,0,"- ","- ",32.919418334960938,-115.56996154785156,IMPERIAL,UNINCORPORATED,-115.57004547119141,32.919418334960938
91604833,2021,2021-10-25,9620,2021-10-19,2350,019360,,2,3,9,1300,0,1,1,,2,081,"INTERSTATE 8 WESTBOUND","OGILBY RD.",6864.00,W,N,A,-,Y,,,8,,,,,,W,Y,3,0,1,1,A,-,08,22107,,N,F,A,A,A,H,-,D,D,0,,,,,Y,,A,01,0,1,0,0,0,0,0,0,0,"- ","- ",32.755268096923828,-114.85836791992188,IMPERIAL,UNINCORPORATED,-114.85845947265625,32.755455017089844
91596244,2021,2021-10-14,9625,2021-10-11,0400,020996,,1,3,9,1300,0,2,4,,2,047,"FORRESTER ROAD","WORTHINGTON ROAD",2112.00,S,N,A,-,N,,,,,,,,,,Y,3,0,1,2,A,-,08,22107,,N,D,C,A,A,H,-,D,A,0,,,,,Y,,A,07,0,1,0,0,0,0,0,0,0,"- ","- ",32.840599060058594,-115.62075042724609,IMPERIAL,UNINCORPORATED,-115.62078857421875,32.841617584228516
91624700,2021,2021-11-15,9625,2021-11-09,2130,018468,,2,2,9,1300,0,1,1,,2,003,"INTERSTATE 8 (E/B)","IMPERIAL AVENUE",178.00,E,N,A,-,Y,,,,,,,,,,N,3,0,1,1,D,-,00,,,N,E,J,A,A,H,-,C,D,0,,,,,Y,,-,"- ",0,1,0,0,0,0,0,0,0,"- ","- ",32.773841857910156,-115.56877899169922,IMPERIAL,UNINCORPORATED,-115.56897735595703,32.773990631103516
91403573,2021,2021-02-05,9625,2021-02-01,1109,018368,,1,1,9,1300,0,1,1,,2,003,"I-8 E/B","DUNAWAY ROAD",7867.00,E,N,A,-,Y,,,8,,,,,,E,Y,3,0,1,1,A,-,08,22107,,N,E,I,A,A,H,-,A,D,0,,,,,Y,,A,01,0,1,0,0,0,0,0,0,0,"- ","- ",32.772998809814453,-115.77571105957031,IMPERIAL,UNINCORPORATED,-115.77571105957031,32.773067474365234
91523525,2021,2021-07-19,9625,2021-07-07,2300,020738,,3,3,9,1300,0,1,1,,2,003,"I-8 EASTBOUND","IMPERIAL HIGHWAY",23971.00,E,N,A,-,Y,,,8,,,,,,E,N,3,0,4,1,A,-,08,22107,,N,E,I,A,A,H,-,D,D,0,,,,,Y,,A,01,0,1,3,0,0,0,0,0,0,"- ","- ",32.74884033203125,-115.91834259033203,IMPERIAL,UNINCORPORATED,-115.91834259033203,32.748859405517578
9410870,2021,2022-02-17,1304,2021-08-20,2015,337,ELCE,5,5,4,1304,0,0,0,,0,WEST,BRIGHTON,IMPERIAL,120.00,E,N,A,-,N,,,,,,,,,,N,3,0,1,2,A,-,06,21755,A,F,B,G,A,A,H,-,C,D,0,,Y,,,Y,Y,L,04,0,1,0,0,0,0,1,0,0,"- ","- ",32.789688110351562,-115.56948852539062,IMPERIAL,"EL CENTRO",-115.56983947753906,32.789630889892578
91390768,2021,2021-01-19,9625,2021-01-10,1250,018368,,7,1,9,1300,0,1,3,,1,044,"SR-86 S/B","KEYSTONE ROAD",0.00,,Y,A,-,Y,,,86,,,,,,S,Y,3,0,1,2,A,-,12,21453,A,N,D,C,A,A,H,-,A,A,0,,,,,Y,,A,01,0,1,0,0,0,0,0,0,0,"- ","- ",32.912570953369141,-115.56993865966797,IMPERIAL,UNINCORPORATED,-115.57006072998047,32.912563323974609
91394661,2021,2021-01-26,9625,2021-01-22,1146,019035,,5,1,9,1300,0,1,1,,2,004,"INTERSTATE 8 W/B","DUNAWAY ROAD",5808.00,W,N,A,-,Y,,,8,,,,,,W,Y,3,0,1,1,A,-,08,22107,,N,F,A,A,A,H,-,A,D,0,,,Y,,Y,,C,02,0,1,0,0,0,0,0,0,1,"- ","- ",32.764801025390625,-115.82209777832031,IMPERIAL,UNINCORPORATED,-115.82209014892578,32.764732360839844
91662715,2021,2021-12-27,9625,2021-12-15,0758,018368,,3,1,9,1300,0,1,3,,2,014,"BRANDT ROAD",SR-78,13.00,N,N,A,-,Y,,,,,,,,,,Y,3,0,2,2,A,-,09,21803,A,N,D,C,A,A,H,-,A,A,0,,,,,Y,,E,22,0,2,0,0,0,0,0,0,0,"- ","- ",33.000400543212891,-115.56127166748047,IMPERIAL,UNINCORPORATED,-115.56147003173828,33.000373840332031
9192755,2021,2021-06-08,1304,2021-04-28,2154,368,E1,3,5,4,1304,0,0,0,,0,EAST,4TH,BROADWAY,0.00,,Y,A,-,Y,IMP,11,86,-,L,7.380,I,5,S,Y,2,0,1,3,A,-,01,23153,B,N,D,C,A,A,H,-,C,A,0,,,Y,,Y,Y,A,07,1,0,0,0,0,0,0,0,1,"- ","- ",,,IMPERIAL,"EL CENTRO",-115.55252838134766,32.793880462646484
9369992,2021,2022-01-18,1304,2021-12-14,1209,350,ELCE,2,5,4,1304,0,0,0,,0,,"LA BRUCHERIE",VILLA,0.00,,Y,A,-,N,,,,,,,,,,Y,3,0,1,2,A,-,12,21453,A,N,-,C,A,A,H,-,A,A,0,,,,,Y,,D,22,0,1,0,0,0,0,0,0,0,"- ","- ",32.803619384765625,-115.57865142822266,IMPERIAL,"EL CENTRO",-115.57865905761719,32.80364990234375
91386837,2021,2021-01-13,9625,2021-01-13,0812,016248,,3,1,9,1300,0,1,3,,1,054,"SR-111 S/B","EVAN HEWES HIGHWAY",80.00,N,N,A,-,Y,,,111,,,,,,S,N,4,0,1,2,A,-,21,22106,,N,C,C,A,A,H,-,A,A,0,,,,Y,Y,,G,26,0,0,1,0,0,0,0,0,0,"- ","- ",32.799949645996094,-115.50070953369141,IMPERIAL,UNINCORPORATED,-115.50056457519531,32.799945831298828
91620258,2021,2021-11-09,9625,2021-10-31,0710,017727,,7,1,9,1300,0,2,4,,2,045,"HUFF ROAD","EVAN HEWES HIGHWAY",0.00,,Y,E,-,N,,,,,,,,,,Y,3,0,1,1,A,-,03,22350,,N,E,I,A,A,G,-,A,A,0,,,,,Y,,A,01,0,1,0,0,0,0,0,0,0,"- ","- ",32.791099548339844,-115.72720336914062,IMPERIAL,UNINCORPORATED,-115.72702789306641,32.791069030761719
9375068,2021,2021-12-16,1304,2021-11-27,1104,322,EWES,6,5,4,1304,0,0,0,,0,WEST,BROADWAY,"BROADWAY 600",0.00,,N,A,-,N,,,,,,,,,,N,3,0,1,2,A,-,03,22350,,N,G,B,E,A,H,-,A,D,0,Y,,,,Y,,A,01,0,1,0,0,1,0,0,0,0,"- ","- ",32.793361663818359,-115.55744934082031,IMPERIAL,"EL CENTRO",,
91467250,2021,2021-05-06,9625,2021-05-01,1222,018468,,6,1,9,1300,0,1,3,,2,014,"STATE ROUTE 78 (E/B)","OLD HIGHWAY 111",1879.00,W,N,A,-,Y,,,78,,,,,,,N,3,0,1,2,A,-,07,21658,A,N,B,C,A,A,H,-,A,D,0,,,,Y,Y,,G,25,0,1,0,0,0,0,0,0,0,"- ","- ",33.001838684082031,-115.53240966796875,IMPERIAL,UNINCORPORATED,-115.53240966796875,33.001838684082031
91525853,2021,2021-07-21,9625,2021-07-10,1228,018933,,6,1,9,1300,0,1,3,,1,011,SR-86,"KALIN ROAD",0.00,,Y,A,-,Y,,,86,,,,,,,Y,3,0,3,2,A,-,09,21802,A,N,D,C,A,A,H,-,A,A,0,,,,,Y,,D,22,0,3,0,0,0,0,0,0,0,"- ","- ",32.984928131103516,-115.57801055908203,IMPERIAL,UNINCORPORATED,-115.57793426513672,32.984989166259766
91671473,2021,2022-01-05,9625,2021-12-30,1155,018368,,4,1,9,1300,0,1,3,,2,013,SR-78,"OLD MINE ROAD",3245.00,E,N,A,-,Y,,,78,,,,,,,N,3,0,1,1,A,-,08,22107,,N,F,A,A,A,H,-,A,D,0,,,Y,,Y,,C,06,0,1,0,0,0,0,0,0,1,"- ","- ",33.125728607177734,-116.04440307617188,IMPERIAL,UNINCORPORATED,-116.04440307617188,33.125724792480469
9375069,2021,2021-12-30,1304,2021-11-30,0801,322,WEST,2,5,4,1304,0,0,0,,0,ECSC,"LA BRUCHERIE AV","ROSS ST",0.00,,N,A,-,N,,,,,,,,,,Y,3,0,1,2,A,-,03,22350,,N,C,C,A,A,H,-,A,D,0,,,,,Y,,-,,0,1,0,0,0,0,0,0,0,"- ","- ",32.780731201171875,-115.57839202880859,IMPERIAL,"EL CENTRO",-115.57848358154297,32.781475067138672
9252306,2021,2021-04-15,1301,2021-01-23,2102,907,BRAWE,6,5,3,1301,0,0,0,,0,004,"S PALM AVE","K STREET",0.00,,Y,C,-,N,,,,,,,,,,N,3,0,1,2,A,-,12,22450,A,N,D,C,A,B,H,-,C,A,0,,,,,Y,Y,A,07,0,1,0,0,0,0,0,0,0,"- ","- ",,,IMPERIAL,BRAWLEY,-115.52204132080078,32.973110198974609
9256425,2021,2023-06-21,1301,2021-06-10,1828,708,BRAWL,4,5,3,1301,0,0,0,,0,0B1,"N 1ST ST","C ST",0.00,,Y,A,-,N,,,,,,,,,,Y,1,1,2,3,A,-,03,22350,,N,D,C,A,A,B,-,A,A,0,,,,,Y,Y,A,07,0,0,2,0,0,0,0,0,0,"- ","- ",,,IMPERIAL,BRAWLEY,-115.54164886474609,32.981967926025391
91479259,2021,2021-05-27,9620,2021-05-19,0900,018028,,3,1,9,1300,0,1,1,,2,081,"I-8 W/B","ALL AMERICAN CANAL",1056.00,W,N,A,-,Y,,,8,,,,,,W,Y,3,0,1,1,A,-,01,23152,F,N,E,I,A,A,H,-,A,D,0,,,,,Y,,A,07,0,1,0,0,0,0,0,0,0,"- ","- ",32.748870849609375,-114.873046875,IMPERIAL,UNINCORPORATED,-114.87279510498047,32.74835205078125
91480952,2021,2021-05-27,9625,2021-05-20,1425,019668,,4,2,9,1300,0,1,3,,2,052,SR-98,"BONESTEELE ROAD",816.00,E,N,A,-,Y,,,98,,,,,,,Y,3,0,2,2,A,-,03,22350,,N,D,C,A,A,H,-,A,D,0,,,,,Y,,A,01,0,2,0,0,0,0,0,0,0,"- ","- ",32.694301605224609,-115.30687713623047,IMPERIAL,UNINCORPORATED,-115.30687713623047,32.694419860839844
91500703,2021,2021-06-18,9625,2021-06-10,0105,022010,,4,3,9,1300,0,1,3,,1,042,SR-98,"FERRELL ROAD",15.00,E,N,A,-,Y,,,98,,,,,,,Y,3,0,2,1,A,-,08,22107,,N,E,I,A,A,H,-,D,D,0,,,,,Y,,A,01,0,2,0,0,0,0,0,0,0,"- ","- ",32.679191589355469,-115.58550262451172,IMPERIAL,UNINCORPORATED,-115.58550262451172,32.679191589355469
91542453,2021,2021-08-11,9625,2021-07-31,1333,018468,,6,1,9,1300,0,3,5,,2,050,"ATEN ROAD","DOGWOOD ROAD",110.00,E,N,A,-,N,,,,,,,,,,Y,3,0,1,2,A,-,07,21658,A,N,B,C,A,A,H,-,A,D,0,,,,,Y,,A,07,0,1,0,0,0,0,0,0,0,"- ","- ",32.825408935546875,-115.5352783203125,IMPERIAL,UNINCORPORATED,-115.53569793701172,32.825431823730469
91616044,2021,2021-11-04,9625,2021-10-26,2117,018468,,2,2,9,1300,0,1,1,,2,004,"INTERSTATE 8 (W/B)","4TH STREET",215.00,E,N,A,-,Y,,,,,,,,,,Y,3,0,1,2,A,-,08,22107,,N,D,C,A,A,H,-,C,D,0,,,,,Y,,A,01,0,1,0,0,0,0,0,0,0,"- ","- ",32.773891448974609,-115.55133819580078,IMPERIAL,UNINCORPORATED,-115.55143737792969,32.773700714111328
91495338,2021,2021-06-11,9625,2021-06-07,0700,016248,,1,1,9,1300,0,2,4,,2,057,"EVAN HEWES HIGHWAY","BARBARAWORTH ROAD",1605.00,W,N,A,-,N,,,,,,,,,,Y,3,0,1,1,A,-,08,22107,,N,F,I,A,A,H,-,A,D,0,,,,,Y,,A,01,0,1,0,0,0,0,0,0,0,"- ","- ",32.803440093994141,-115.43595886230469,IMPERIAL,UNINCORPORATED,-115.43566131591797,32.803386688232422
91539081,2021,2021-08-06,9625,2021-07-26,1701,018978,,1,2,9,1300,0,1,3,,1,012,"SR- 86 S/B","S. MARINA DR.",1200.00,N,N,A,-,Y,,,86,,,,,,S,N,3,0,1,2,A,-,03,22350,,N,C,C,A,D,H,-,A,D,0,,,,,Y,,A,08,0,1,0,0,0,0,0,0,0,"- ","- ",33.281929016113281,-115.96650695800781,IMPERIAL,UNINCORPORATED,-115.96653747558594,33.281909942626953
91638661,2021,2021-11-30,9625,2021-11-22,1745,018792,,1,2,9,1300,0,2,4,,2,047,"CARTER ROAD","FORRESTER ROAD",0.00,,Y,A,-,N,,,,,,,,,,Y,3,0,2,2,A,-,09,21802,A,N,D,C,A,A,H,-,C,A,0,,,,,Y,,A,01,0,2,0,0,0,0,0,0,0,"- ","- ",32.935569763183594,-115.62164306640625,IMPERIAL,UNINCORPORATED,-115.62119293212891,32.935581207275391
91570819,2021,2021-09-15,9625,2021-09-12,0140,021107,,7,3,9,1300,0,1,3,,1,012,"STATE ROUTE 86 N/B","MONTEREY AVENUE",2850.00,S,N,A,-,Y,,,86,,,,,,N,Y,4,0,1,2,A,-,03,22350,,N,C,2,A,A,H,-,D,D,0,,,,,Y,Y,D,22,0,0,1,0,0,0,0,0,0,"- ","- ",33.397628784179688,-116.04405975341797,IMPERIAL,UNINCORPORATED,-116.04399871826172,33.397651672363281
91454596,2021,2021-04-20,9625,2021-02-12,2028,018930,,5,2,9,1300,0,3,5,,2,040,"CLARK ROAD",SR-98,225.00,N,N,A,-,N,,,,,,,,,,N,2,0,1,2,A,-,11,21954,A,F,G,B,E,A,H,-,D,D,0,Y,,,,Y,,N,60,1,0,0,0,1,0,0,0,0,"- ","- ",32.680698394775391,-115.55979919433594,IMPERIAL,UNINCORPORATED,-115.55973052978516,32.679943084716797
91604185,2021,2021-11-17,9625,2021-10-12,1843,018792,,2,2,9,1300,0,1,1,,2,001,SR-86,"NORM NIVER ROAD",0.00,,Y,A,-,Y,,,86,,,,,,,Y,3,0,2,2,A,-,09,21803,A,N,D,C,A,A,H,-,D,A,0,,,,,Y,,A,01,0,2,0,0,0,0,0,0,0,"- ","- ",33.357410430908203,-116.01882171630859,IMPERIAL,UNINCORPORATED,-116.01883697509766,33.357402801513672
91386590,2021,2021-01-13,9625,2021-01-08,0650,016248,,5,1,9,1300,0,1,3,,1,054,"SR-111 N/B","WORTHINGTON ROAD",15.00,S,N,A,-,Y,,,111,,,,,,N,N,4,0,1,2,A,-,03,22350,,N,C,C,A,A,H,-,A,A,0,,,,,Y,,D,22,0,0,1,0,0,0,0,0,0,"- ","- ",32.847270965576172,-115.50749206542969,IMPERIAL,UNINCORPORATED,-115.50757598876953,32.847236633300781
91423695,2021,2021-03-09,9625,2021-03-03,1445,019667,,3,2,9,1300,0,1,1,,2,001,"I-8 E/B","MOUNTAIN SPRINGS ROAD",13253.00,E,N,C,G,Y,,,8,,,,,,E,Y,3,0,1,2,A,-,03,22350,,N,C,C,A,B,H,-,A,D,0,,,,Y,Y,,A,07,0,1,0,0,0,0,0,0,0,"- ","- ",32.685878753662109,-116.06561279296875,IMPERIAL,UNINCORPORATED,-116.06550598144531,32.685844421386719
91516086,2021,2021-07-08,9625,2021-06-26,1747,021107,,6,2,9,1300,0,1,1,,2,003,"INTERSTATE 8 EASTBOUND","SILSBEE ROAD",2045.00,W,N,A,-,Y,,,8,,,,,,E,Y,4,0,2,2,A,-,03,22350,,N,C,C,A,A,H,-,A,D,0,,,,,Y,,A,01,0,0,2,0,0,0,0,0,0,"- ","- ",32.773738861083984,-115.65312194824219,IMPERIAL,UNINCORPORATED,-115.65312194824219,32.773777008056641
91655996,2021,2021-12-20,9620,2021-12-13,1535,018703,Quech,1,2,9,1300,0,2,4,,1,072,"WINTERHAVEN DRIVE","INTERSTATE 8 W/B OFFRAMP",15.00,S,N,A,-,Y,,,,,,,,,,N,4,0,1,2,A,-,08,22107,,N,A,C,A,A,H,-,A,A,0,,,,,Y,,A,07,0,0,1,0,0,0,0,0,0,"- ","- ",32.732311248779297,-114.62458801269531,IMPERIAL,UNINCORPORATED,,
9273989,2021,2021-07-01,1304,2021-06-01,0811,"S EID",EPTRL,2,5,4,1304,0,0,0,,0,EAST,ORANGE,HOPE,0.00,,N,A,-,N,,,,,,,,,,N,3,0,1,2,A,-,12,22450,,N,D,C,A,A,H,-,A,A,0,,,,,Y,Y,-,,0,1,0,0,0,0,0,0,0,"- ","- ",32.788738250732422,-115.53977966308594,IMPERIAL,"EL CENTRO",-115.53971862792969,32.788764953613281
91412987,2021,2021-02-22,9625,2021-02-12,0958,018617,,5,1,9,1300,0,2,4,,2,047,"FORRESTER ROAD","KEYSTONE ROAD",2640.00,N,N,B,-,N,,,,,,,,,,Y,3,0,1,1,A,-,08,22107,,N,E,J,A,A,H,-,A,D,0,,,,,Y,,A,01,0,1,0,0,0,0,0,0,0,"- ","- ",32.921550750732422,-115.62107086181641,IMPERIAL,UNINCORPORATED,-115.62111663818359,32.920928955078125
91644992,2021,2021-12-07,9625,2021-11-27,1635,018792,,6,2,9,1300,0,1,3,,2,013,SR-78,"COUNTY LINE ROAD",4097.00,E,N,A,-,Y,,,78,,,,,,,Y,2,0,3,1,A,-,08,22107,,N,F,A,A,A,H,-,B,D,0,,,,,Y,Y,A,07,1,2,0,0,0,0,0,0,0,"- ","- ",33.128688812255859,-116.06826019287109,IMPERIAL,UNINCORPORATED,-116.06824493408203,33.128749847412109
91519339,2021,2021-07-13,9625,2021-07-03,0325,020738,,6,3,9,1300,0,1,1,,2,006,"I-8 EASTBOUND","HOLDRIDGE ROAD",5491.00,E,N,A,-,Y,,,8,,,,,,E,N,2,0,1,2,A,-,11,21956,A,N,G,B,E,A,H,-,D,D,0,Y,,,,Y,,N,60,1,0,0,0,1,0,0,0,0,"- ","- ",32.76190185546875,-115.25376892089844,IMPERIAL,UNINCORPORATED,-115.25382995605469,32.761619567871094
91433149,2021,2021-03-23,9620,2021-03-16,2225,018703,,2,3,9,1300,0,3,5,,2,070,"FLOOD RD","STALNACKER RD",28.00,N,N,A,-,N,,,,,,,,,,N,3,0,1,1,A,-,08,22107,,N,F,A,A,A,H,-,D,D,0,,,,,Y,,A,01,0,1,0,0,0,0,0,0,0,"- ","- ",32.804470062255859,-114.56510925292969,IMPERIAL,UNINCORPORATED,-114.56489562988281,32.804355621337891
91501465,2021,2021-06-21,9625,2021-06-09,1415,019667,,3,2,9,1300,0,1,3,,1,042,"STATE ROUTE 98","HAMMERS ROAD",6.00,E,N,A,-,Y,,,98,,,,,,,Y,3,0,2,2,A,-,08,22107,,N,D,E,A,A,H,-,A,D,0,,,,,Y,,A,07,0,2,0,0,0,0,0,0,0,"- ","- ",32.679409027099609,-115.55084991455078,IMPERIAL,UNINCORPORATED,-115.55084991455078,32.679313659667969
9323583,2021,2021-10-15,1304,2021-09-04,1122,SEID,EWEST,6,5,4,1304,0,0,0,,0,WEST,CYPRESS,PEPPER,0.00,,-,A,-,N,,,,,,,,,,Y,3,0,1,2,A,-,08,22107,,N,C,C,A,A,H,-,A,D,0,,,,,Y,,A,01,0,1,0,0,0,0,0,0,0,"- ","- ",32.779678344726562,-115.5648193359375,IMPERIAL,"EL CENTRO",-115.5648193359375,32.779411315917969
9384641,2021,2021-12-28,1301,2021-10-28,0726,904,BRAWL,4,5,3,1301,0,0,0,,0,001,"NORTH WESTERN AV","A ST",0.00,,Y,A,-,N,,,,,,,,,,N,2,0,1,2,A,-,10,21950,A,N,G,B,B,A,H,-,A,A,0,Y,,,,Y,,A,07,1,0,0,0,1,0,0,0,0,"- ","- ",,,IMPERIAL,BRAWLEY,-115.54364013671875,32.984153747558594
9312380,2021,2021-09-16,1304,2021-07-28,1920,368,E1,3,5,4,1304,0,0,0,,0,WEST,"IMPERIAL AV","EUCLID AV",0.00,,Y,A,-,Y,IMP,11,86,-,-,7.430,I,5,N,Y,2,0,1,2,A,-,12,21453,A,N,D,C,A,A,H,-,A,A,0,,,,,Y,,-,,1,0,0,0,0,0,0,0,0,"- ","- ",32.798408508300781,-115.56984710693359,IMPERIAL,"EL CENTRO",-115.56996154785156,32.798397064208984
9316352,2021,2021-09-23,1304,2021-08-24,0915,346,E1,2,5,4,1304,0,0,0,,0,EAST,ROSS,"ROSS 400",0.00,,N,A,-,N,,,,,,,,,,N,3,0,1,2,A,-,03,22350,,N,C,C,A,A,H,-,A,A,0,,,,,Y,,-,,0,1,0,0,0,0,0,0,0,"- ","- ",,,IMPERIAL,"EL CENTRO",-115.54388427734375,32.781501770019531
9370417,2021,2022-07-20,1301,2021-10-28,0453,911,BRAWL,4,5,3,1301,0,0,0,,0,004,"RT 111","RT 78",50.00,S,N,A,-,Y,IMP,11,111,-,-,21.990,H,-,N,Y,4,0,2,2,A,-,03,22350,,N,C,C,A,A,H,-,C,A,0,,,,,Y,,D,22,0,0,2,0,0,0,0,0,0,"- ","- ",,,IMPERIAL,BRAWLEY,-115.50840759277344,32.960002899169922
91548271,2021,2021-08-18,9625,2021-08-10,2040,019667,,2,2,9,1300,0,1,3,,2,043,SR-86,"MCCABE ROAD",0.00,,Y,A,-,Y,,,86,,,,,,,Y,3,0,1,2,A,-,09,21802,B,N,D,C,A,A,H,-,C,A,0,,,,,Y,,D,22,0,1,0,0,0,0,0,0,0,"- ","- ",32.752239227294922,-115.55204772949219,IMPERIAL,UNINCORPORATED,-115.55186462402344,32.752246856689453
91447008,2021,2021-04-09,9625,2021-03-30,0833,018368,,2,1,9,1300,0,1,3,,1,042,SR-98,"BROCKMAN ROAD",0.00,,Y,A,-,Y,,,98,,,,,,,Y,4,0,1,2,A,-,09,21802,B,N,D,C,A,A,H,-,A,D,0,,,,Y,Y,,G,25,0,0,1,0,0,0,0,0,0,"- ","- ",32.679229736328125,-115.63784027099609,IMPERIAL,UNINCORPORATED,-115.63784027099609,32.679233551025391