CASE_ID,ACCIDENT_YEAR,PROC_DATE,JURIS,COLLISION_DATE,COLLISION_TIME,OFFICER_ID,REPORTING_DISTRICT,DAY_OF_WEEK,CHP_SHIFT,POPULATION,CNTY_CITY_LOC,SPECIAL_COND,BEAT_TYPE,CHP_BEAT_TYPE,CITY_DIVISION_LAPD,CHP_BEAT_CLASS,BEAT_NUMBER,PRIMARY_RD,SECONDARY_RD,DISTANCE,DIRECTION,INTERSECTION,WEATHER_1,WEATHER_2,STATE_HWY_IND,CALTRANS_COUNTY,CALTRANS_DISTRICT,STATE_ROUTE,ROUTE_SUFFIX,POSTMILE_PREFIX,POSTMILE,LOCATION_TYPE,RAMP_INTERSECTION,SIDE_OF_HWY,TOW_AWAY,COLLISION_SEVERITY,NUMBER_KILLED,NUMBER_INJURED,PARTY_COUNT,PRIMARY_COLL_FACTOR,PCF_CODE_OF_VIOL,PCF_VIOL_CATEGORY,PCF_VIOLATION,PCF_VIOL_SUBSECTION,HIT_AND_RUN,TYPE_OF_COLLISION,MVIW,PED_ACTION,ROAD_SURFACE,ROAD_COND_1,ROAD_COND_2,LIGHTING,CONTROL_DEVICE,CHP_ROAD_TYPE,PEDESTRIAN_ACCIDENT,BICYCLE_ACCIDENT,MOTORCYCLE_ACCIDENT,TRUCK_ACCIDENT,NOT_PRIVATE_PROPERTY,ALCOHOL_INVOLVED,STWD_VEHTYPE_AT_FAULT,CHP_VEHTYPE_AT_FAULT,COUNT_SEVERE_INJ,COUNT_VISIBLE_INJ,COUNT_COMPLAINT_PAIN,COUNT_PED_KILLED,COUNT_PED_INJURED,COUNT_BICYCLIST_KILLED,COUNT_BICYCLIST_INJURED,COUNT_MC_KILLED,COUNT_MC_INJURED,PRIMARY_RAMP,SECONDARY_RAMP,LATITUDE,LONGITUDE,COUNTY,CITY,POINT_X,POINT_Y
91549541,2021,2021-08-19,9625,2021-08-15,1630,021107,,7,2,9,1300,0,1,1,,2,001,"INTERSTATE 8 EASTBOUND","MOUNTAIN SPRINGS ROAD",15734.00,E,N,A,-,Y,,,8,,,,,,E,Y,3,0,1,1,A,-,08,22107,,N,E,8,A,A,H,-,A,D,0,,,,,Y,,A,01,0,1,0,0,0,0,0,0,0,"- ","- ",32.692600250244141,-116.06390380859375,IMPERIAL,UNINCORPORATED,-116.06385040283203,32.692607879638672
9364418,2021,2021-12-02,1304,2021-10-27,1720,325,ELCE,3,5,4,1304,0,0,0,,0,EAST,DOGWOOD,ROSS,0.00,,Y,A,-,N,,,,,,,,,,Y,4,0,1,4,A,-,03,22350,,N,A,C,A,A,H,-,B,D,0,,,,,Y,,-,,0,0,1,0,0,0,0,0,0,"- ","- ",32.780281066894531,-115.53534698486328,IMPERIAL,"EL CENTRO",-115.53537750244141,32.781490325927734
91670911,2021,2022-01-05,9625,2021-12-30,1723,019668,,4,2,9,1300,0,1,3,,2,053,"SR-111 S/B","HEBER ROAD",1278.00,N,N,A,-,Y,,,111,,,,,,S,N,4,0,1,2,A,-,03,22350,,N,C,C,A,A,H,-,D,D,0,,,,,Y,,A,01,0,0,1,0,0,0,0,0,0,"- ","- ",32.734260559082031,-115.50070953369141,IMPERIAL,UNINCORPORATED,-115.50048828125,32.734264373779297
91682430,2021,2022-01-21,9625,2021-10-29,2154,021107,,5,2,9,1300,0,1,3,,2,024,"STATE ROUTE 78","WHITLOCK ROAD",3590.00,E,N,A,-,Y,,,78,,,,,,,Y,1,1,4,2,A,-,05,21650,,N,A,C,A,A,H,-,D,D,0,,,,,Y,,A,08,4,0,0,0,0,0,0,0,0,"- ","- ",32.971099853515625,-115.28571319580078,IMPERIAL,UNINCORPORATED,-115.28572082519531,32.9710693359375
91701450,2021,2022-02-15,9620,2021-11-26,1955,018247,,5,2,9,1300,0,1,1,,2,082,"I-8 W/B","OGILBY RD",11616.00,E,N,A,-,Y,,,8,,,,,,W,N,1,1,0,2,A,-,11,21954,A,F,G,B,D,A,H,-,D,D,0,Y,,,,Y,,N,60,0,0,0,1,0,0,0,0,0,"- ","- ",32.754600524902344,-114.79987335205078,IMPERIAL,UNINCORPORATED,-114.79987335205078,32.754581451416016
91420500,2021,2021-03-04,9625,2021-02-24,0520,020111,,3,3,9,1300,0,3,5,,2,040,"CADY ROAD","PELLETT ROAD",0.00,,Y,A,-,N,,,,,,,,,,Y,3,0,1,1,A,-,03,22350,,N,E,I,A,A,H,-,D,D,0,,,,,Y,,A,01,0,1,0,0,0,0,0,0,0,"- ","- ",32.977371215820312,-115.67552185058594,IMPERIAL,UNINCORPORATED,-115.67537689208984,32.977458953857422
91525810,2021,2021-07-21,9625,2021-07-13,1415,019225,,2,2,9,1300,0,3,5,,2,050,"OLD HIGHWAY 111","KEYSTONE ROAD",5280.00,S,N,A,-,N,,,111,,,,,,,Y,4,0,1,1,A,-,08,22107,,N,F,I,A,A,H,-,A,D,0,,,,,Y,,A,01,0,0,1,0,0,0,0,0,0,"- ","- ",32.897628784179688,-115.50978088378906,IMPERIAL,UNINCORPORATED,-115.50914764404297,32.897632598876953
91616550,2021,2021-11-04,9625,2021-11-01,1625,018468,,1,2,9,1300,0,1,1,,2,006,"INTERSTATE 8 (E/B)","DUNAWAY ROAD",4056.00,E,N,A,-,Y,,,8,,,,,,,Y,3,0,2,1,A,-,08,22107,,N,E,8,A,A,H,-,A,D,0,,,,,Y,,A,01,0,2,0,0,0,0,0,0,0,"- ","- ",32.771278381347656,-115.78765869140625,IMPERIAL,UNINCORPORATED,-115.78767395019531,32.771350860595703
91431842,2021,2021-03-22,9625,2021-03-14,0505,020738,,7,3,9,1300,0,3,5,,2,020,"KERSHAW ROAD","YOCUM ROAD",0.00,,Y,A,-,N,,,,,,,,,,Y,3,0,1,1,A,-,03,22350,,N,E,I,A,A,H,-,D,D,0,,,,,Y,,A,01,0,1,0,0,0,0,0,0,0,"- ","- ",33.111209869384766,-115.56191253662109,IMPERIAL,UNINCORPORATED,-115.50849914550781,33.111198425292969
91574357,2021,2021-09-20,9625,2021-09-13,0517,021107,,1,3,9,1300,0,1,3,,1,054,"STATE ROUTE 111 N/B","WORTHINGTON ROAD",1720.00,S,N,A,-,Y,,,111,,,,,,N,Y,4,0,1,3,A,-,03,22350,,N,C,C,A,A,H,-,C,D,0,,,,,Y,,A,01,0,0,1,0,0,0,0,0,0,"- ","- ",32.842891693115234,-115.50492095947266,IMPERIAL,UNINCORPORATED,-115.50503540039062,32.842819213867188
91718202,2021,2022-03-08,9625,2021-09-12,0233,020738,,7,3,9,1300,0,1,1,,2,006,"I-8 W/B","SR-111 N/B",1795.00,E,N,A,-,Y,,,8,,,,,,W,Y,1,1,1,2,A,-,01,23152,A,N,C,C,A,A,H,-,C,D,0,,,,,Y,Y,D,22,0,1,0,0,0,0,0,0,0,"- ","- ",32.773918151855469,-115.49514770507812,IMPERIAL,UNINCORPORATED,-115.49514770507812,32.773899078369141
91467033,2021,2021-05-06,9625,2021-02-27,1107,016248,,6,1,9,1300,0,1,1,,2,004,"I-8 W/B","DUNAWAY ROAD",10296.00,W,N,A,-,Y,,,8,,,,,,W,Y,1,1,0,2,A,-,03,22350,,N,C,C,A,A,H,-,A,D,0,,,Y,,Y,,C,02,0,0,0,0,0,0,0,1,0,"- ","- ",32.762340545654297,-115.83368682861328,IMPERIAL,UNINCORPORATED,-115.83369445800781,32.762367248535156
91506957,2021,2021-06-25,9625,2021-06-15,2104,018978,,2,2,9,1300,0,1,3,,1,012,"STATE ROUTE 86 (SOUTHBOUND","STATE ROUTE 78",1.23,N,N,A,-,Y,,,86,,,,,,,Y,2,0,1,1,A,-,08,22107,,N,F,I,A,A,H,-,D,D,0,,,,Y,Y,,G,27,1,0,0,0,0,0,0,0,0,"- ","- ",33.142829895019531,-115.86203765869141,IMPERIAL,UNINCORPORATED,-115.86241912841797,33.142673492431641
91532118,2021,2021-07-29,9625,2021-07-18,0326,021107,,7,3,9,1300,0,3,5,,2,040,"FORRESTER ROAD","EVAN HEWES HIGHWAY",325.00,S,N,A,-,N,,,,,,,,,,Y,3,0,1,1,A,-,01,23152,A,N,F,A,A,A,H,-,C,D,0,,,,,Y,Y,A,01,0,1,0,0,0,0,0,0,0,"- ","- ",32.795558929443359,-115.62058258056641,IMPERIAL,UNINCORPORATED,-115.62068176269531,32.795677185058594
91616505,2021,2021-11-04,9625,2021-10-26,1045,017727,,2,1,9,1300,0,1,1,,2,006,"I-8 W/B","BOWKER ROAD",1140.00,E,N,A,-,Y,,,8,,,,,,W,Y,4,0,1,2,A,-,03,22350,,N,B,C,A,A,H,-,A,D,0,,,,,Y,,A,01,0,0,1,0,0,0,0,0,0,"- ","- ",32.773700714111328,-115.47039794921875,IMPERIAL,UNINCORPORATED,-115.47039794921875,32.773731231689453
9240437,2021,2021-04-27,1301,2021-01-25,1117,903,BRAWL,1,5,3,1301,0,0,0,,0,004,"RT 111","RT 78",0.00,,Y,A,G,Y,IMP,11,78,-,-,15.499,I,5,W,Y,4,0,1,2,A,-,12,21453,,N,D,C,A,A,-,-,A,A,0,,,,Y,Y,,G,25,0,0,1,0,0,0,0,0,0,"- ","- ",,,IMPERIAL,BRAWLEY,-115.5013427734375,32.978641510009766
91428999,2021,2021-03-17,9625,2021-03-05,2151,020738,,5,2,9,1300,0,1,3,,2,013,SR-78,"COUNTY LINE ROAD",2295.00,E,N,A,-,Y,,,78,,,,,,,Y,2,0,3,2,A,-,08,22107,,N,D,C,A,A,H,-,D,D,0,,,,,Y,Y,D,22,1,1,1,0,0,0,0,0,0,"- ","- ",33.130268096923828,-116.07376098632812,IMPERIAL,UNINCORPORATED,-116.07376861572266,33.130245208740234
91473551,2021,2021-05-14,9625,2021-05-07,1151,018468,,5,1,9,1300,0,2,4,,2,046,"DOGWOOD ROAD","HARRIS ROAD",0.00,,Y,A,-,N,,,,,,,,,,Y,3,0,1,2,A,-,05,21752,D,N,B,C,A,A,H,-,A,D,0,,,,,Y,,A,01,0,1,0,0,0,0,0,0,0,"- ","- ",32.883659362792969,-115.53558349609375,IMPERIAL,UNINCORPORATED,-115.53549957275391,32.883651733398438
91536140,2021,2021-08-03,9625,2021-07-28,0918,018468,,3,1,9,1300,0,1,3,,2,053,"STATE ROUTE 111 (S/B)","STATE ROUTE 86",0.00,,Y,A,-,Y,,,111,,,,,,,N,3,0,2,2,A,-,12,21453,A,N,D,C,A,A,H,-,A,A,0,,,,,Y,,A,01,0,2,0,0,0,0,0,0,0,"- ","- ",32.730670928955078,-115.50054931640625,IMPERIAL,UNINCORPORATED,-115.50040435791016,32.730670928955078
91449253,2021,2021-04-13,9625,2021-04-04,0315,019667,,7,3,9,1300,0,1,3,,1,054,"SR-111 N/B","MEAD ROAD",150.00,S,N,A,-,Y,,,111,,,,,,N,Y,3,0,2,1,A,-,08,22107,,N,E,I,A,A,H,-,D,D,0,,,,,Y,Y,A,01,0,1,1,0,0,0,0,0,0,"- ","- ",32.955169677734375,-115.50901031494141,IMPERIAL,UNINCORPORATED,-115.50909423828125,32.955173492431641
9280332,2021,2021-06-28,1304,2021-06-12,1334,322,EWES,6,5,4,1304,0,0,0,,0,WEST,"4TH ST","SMOKETREE AV",0.00,,Y,A,-,Y,IMP,11,86,-,-,6.114,I,5,S,Y,3,0,2,2,A,-,09,21800,B,N,A,C,A,A,H,-,A,D,0,,,,,Y,,A,01,0,2,0,0,0,0,0,0,0,"- ","- ",,,IMPERIAL,"EL CENTRO",-115.55227661132812,32.775371551513672
91398569,2021,2021-01-29,9625,2021-01-22,0230,020738,,5,3,9,1300,0,1,1,,2,002,"I-8 W/B","OLD HIGHWAY 80",8290.00,E,N,B,G,Y,,,8,,,,,,W,Y,4,0,1,1,C,-,18,,,N,E,I,A,A,H,-,D,D,0,,,,Y,Y,,-,"- ",0,0,1,0,0,0,0,0,0,"- ","- ",32.661590576171875,-116.10315704345703,IMPERIAL,UNINCORPORATED,-116.1031494140625,32.661632537841797
91461492,2021,2021-05-05,9625,2021-04-28,1530,019225,,3,2,9,1300,0,3,5,,2,050,"WORTHINGTON ROAD","JAMES ROAD",1325.00,W,N,A,-,N,,,,,,,,,,Y,1,1,0,1,A,-,08,22107,,N,E,I,A,A,H,-,A,D,0,,,,,Y,,A,01,0,0,0,0,0,0,0,0,0,"- ","- ",32.8472900390625,-115.46949005126953,IMPERIAL,UNINCORPORATED,-115.47000885009766,32.847339630126953
91603083,2021,2021-10-21,9625,2021-10-10,2043,021232,,7,2,9,1300,0,3,5,,2,040,DOGWOOD,"CORRELL ROAD",0.00,,Y,A,-,N,,,,,,,,,,Y,3,0,1,2,D,-,00,,,N,D,C,A,A,H,-,C,A,0,,,,,Y,,-,"- ",0,1,0,0,0,0,0,0,0,"- ","- ",32.7381591796875,-115.53440856933594,IMPERIAL,UNINCORPORATED,-115.53459167480469,32.737922668457031
9312075,2021,2021-08-27,1304,2021-08-04,1210,341,EWEST,3,5,4,1304,0,0,0,,0,WEST,"N IMPERIAL",WOODWARD,32.00,N,N,A,-,Y,IMP,11,86,-,-,7.510,H,-,N,N,4,0,1,2,A,-,04,21703,,N,C,C,A,A,H,-,A,D,0,,,,,Y,,A,01,0,0,1,0,0,0,0,0,0,"- ","- ",,,IMPERIAL,"EL CENTRO",-115.56995391845703,32.799564361572266
9384315,2021,2022-01-14,1304,2021-12-17,1815,368,E1,5,5,4,1304,0,0,0,,0,WEST,"LA BRUCHERIE AV","ROSS AV",0.00,,Y,A,-,N,,,,,,,,,,N,3,0,1,2,A,-,12,21453,,N,-,C,A,A,H,-,C,A,0,,,,,Y,,-,,0,1,0,0,0,0,0,0,0,"- ","- ",,,IMPERIAL,"EL CENTRO",-115.57848358154297,32.781475067138672
9213118,2021,2021-02-10,1304,2021-01-09,1649,E0194,ELCE,6,5,4,1304,0,0,0,,0,EAST,"4TH ST",HOLT,0.00,,Y,A,-,Y,IMP,11,86,-,-,6.960,I,5,S,Y,4,0,2,2,A,-,01,23152,A,N,D,C,A,A,H,-,B,A,0,,,,,Y,Y,A,01,0,0,2,0,0,0,0,0,0,"- ","- ",32.787879943847656,-115.55265808105469,IMPERIAL,"EL CENTRO",-115.55252838134766,32.787776947021484
9284968,2021,2021-06-23,1304,2021-05-15,1553,335,E1,6,5,4,1304,0,0,0,,0,WEST,IMPERIAL,PEPPER,0.00,,Y,A,-,N,,,,,,,,,,Y,4,0,2,2,A,-,09,21800,A,N,D,C,A,A,H,-,A,A,0,,,,,Y,,A,01,0,0,2,0,0,0,0,0,0,"- ","- ",,,IMPERIAL,"EL CENTRO",-115.56957244873047,32.779411315917969
91454263,2021,2021-04-20,9625,2021-04-13,1810,019225,,2,2,9,1300,0,1,3,,2,053,"SR-111 S/B","MCCABE ROAD",40.00,S,N,A,-,Y,,,111,,,,,,S,N,4,0,1,2,A,-,03,22350,,N,C,C,A,A,H,-,A,A,0,,,,,Y,,A,07,0,0,1,0,0,0,0,0,0,"- ","- ",32.752719879150391,-115.50084686279297,IMPERIAL,UNINCORPORATED,-115.50076293945312,32.752719879150391
91525570,2021,2021-07-21,9625,2021-07-14,1158,018930,,3,1,9,1300,0,3,5,,2,050,"BOWKER ROAD","GILLETT ROAD",1208.00,N,N,A,-,N,,,,,,,,,,Y,3,0,1,2,A,-,05,21650,,N,B,C,A,A,H,-,A,D,0,,,,,Y,,A,01,0,1,0,0,0,0,0,0,0,"- ","- ",32.794181823730469,-115.47370147705078,IMPERIAL,UNINCORPORATED,-115.47386169433594,32.788372039794922
91631917,2021,2021-11-22,9625,2021-11-12,1157,016248,,5,1,9,1300,0,1,3,,2,053,"SR-111 N/B","MCCABE ROAD",850.00,S,N,A,-,Y,,,111,,,,,,N,Y,2,0,2,5,A,-,03,22350,,N,C,C,A,A,H,-,A,A,0,,,,,Y,,D,22,1,0,1,0,0,0,0,0,0,"- ","- ",32.749900817871094,-115.50063323974609,IMPERIAL,UNINCORPORATED,-115.50072479248047,32.749897003173828
91647902,2021,2021-12-09,9625,2021-11-26,0923,018930,,5,1,9,1300,0,1,3,,1,054,"SR-111 S/B","EVAN HEWES HIGHWAY",535.00,N,N,A,-,Y,,,111,,,,,,S,Y,2,0,2,2,A,-,03,22350,,N,C,C,A,A,H,-,A,A,0,,,,,Y,,A,07,1,0,1,0,0,0,0,0,0,"- ","- ",32.801921844482422,-115.50071716308594,IMPERIAL,UNINCORPORATED,-115.50051879882812,32.801918029785156
9270446,2021,2021-06-03,1304,2021-05-19,2030,368,E1,3,5,4,1304,0,0,0,,0,WEST,8TH,CRUICKSHANK,563.00,S,N,A,-,N,,,,,,,,,,Y,3,0,1,2,A,-,08,22107,,N,D,C,A,A,H,-,A,A,0,,,,,Y,,-,,0,1,0,0,0,0,0,0,0,"- ","- ",,,IMPERIAL,"EL CENTRO",-115.5615234375,32.813205718994141
9322185,2021,2021-09-16,1301,2021-08-10,1211,9A6,,2,5,3,1301,0,0,0,,0,001,"RT 86","EL CERRITO",0.00,E,N,A,-,Y,IMP,11,86,-,-,20.913,I,5,S,Y,4,0,2,2,A,-,09,21804,A,N,D,C,A,A,H,-,A,D,0,,,,,Y,,A,01,0,0,2,0,0,0,0,0,0,"- ","- ",,,IMPERIAL,BRAWLEY,-115.54649353027344,32.978656768798828
9357330,2021,2021-12-06,1304,2021-10-19,1639,0322,EAST,2,5,4,1304,0,0,0,,0,EAST,"ROSS AV","DOGWOOD RD",0.00,,-,A,-,N,,,,,,,,,,N,3,0,2,3,A,-,03,22350,,M,C,C,A,A,H,-,A,A,0,,,,,Y,,-,,0,2,0,0,0,0,0,0,0,"- ","- ",32.780998229980469,-115.53500366210938,IMPERIAL,"EL CENTRO",-115.53537750244141,32.781490325927734
91406307,2021,2021-02-10,9625,2021-02-08,0918,018468,,1,1,9,1300,0,3,5,,2,040,"HEBER ROAD","CORFMAN ROAD",215.00,E,N,A,-,N,,,,,,,,,,Y,4,0,2,2,A,-,03,22350,,N,C,C,A,A,H,-,A,A,0,,,,,Y,,A,07,0,0,2,0,0,0,0,0,0,"- ","- ",32.730621337890625,-115.55069732666016,IMPERIAL,UNINCORPORATED,-115.55076599121094,32.730640411376953
91589384,2021,2021-10-06,9625,2021-09-30,1836,018792,,4,2,9,1300,0,1,3,,1,021,SR-111,"DOWDEN ROAD",400.00,N,N,A,-,Y,,,111,,,,,,,Y,3,0,1,2,A,-,01,23152,G,N,C,C,A,A,H,-,D,D,0,,,,,Y,,A,01,0,1,0,0,0,0,0,0,0,"- ","- ",33.091709136962891,-115.51480102539062,IMPERIAL,UNINCORPORATED,-115.51478576660156,33.091709136962891
91612290,2021,2022-10-04,9625,2021-10-31,2152,020516,,7,2,9,1300,0,2,4,,2,045,"EVAN HEWES HIGHWAY","EL CENTRO STREET",80.00,E,N,A,-,N,,,,,,,,,,Y,3,0,2,2,A,-,08,22107,,N,A,C,A,A,H,-,D,D,0,,,,,Y,,A,07,0,2,0,0,0,0,0,0,0,"- ","- ",32.796520233154297,-115.67653656005859,IMPERIAL,UNINCORPORATED,-115.67691802978516,32.796455383300781
91461506,2021,2021-04-29,9625,2021-03-07,1149,018368,,7,1,9,1300,0,1,1,,2,002,"I-8 W/B",SR-98,21226.00,W,N,A,-,Y,,,8,,,,,,W,Y,1,1,0,1,A,-,08,22107,,N,E,I,A,A,H,-,A,D,0,,,Y,,Y,,C,02,0,0,0,0,0,0,0,1,0,"- ","- ",32.709480285644531,-116.06555938720703,IMPERIAL,UNINCORPORATED,-116.06549835205078,32.709503173828125
91524900,2021,2021-07-20,9625,2021-07-11,0251,021107,,7,3,9,1300,0,1,3,,2,024,"STATE ROUTE 78 WESTBOUND","BUTTERS ROAD",5438.00,E,N,A,-,Y,,,78,,,,,,W,Y,3,0,1,1,A,-,08,22107,,N,E,I,A,A,H,-,D,D,0,,,,,Y,,A,01,0,1,0,0,0,0,0,0,0,"- ","- ",32.974750518798828,-115.35394287109375,IMPERIAL,UNINCORPORATED,-115.35394287109375,32.9747314453125
91387380,2021,2021-01-14,9620,2021-01-05,0720,016222,,2,1,9,1300,0,2,4,,1,075,"S-24 (MEHRING RD)","S-24 (YORK RD)",0.00,,Y,A,-,N,,,,,,,,,,Y,4,0,1,1,A,-,08,22107,,M,F,A,A,A,H,-,A,D,0,,,,,Y,,A,01,0,0,1,0,0,0,0,0,0,"- ","- ",,,IMPERIAL,UNINCORPORATED,,
91452085,2021,2021-04-16,9625,2021-02-02,1900,018792,,2,2,9,1300,0,3,5,,2,010,"SHORE OASIS STREET","SOUTH MARINA DRIVE",198.00,E,N,A,-,N,,,,,,,,,,N,1,1,0,2,C,-,18,,,N,G,B,E,A,H,-,D,D,0,Y,,,,Y,,-,"- ",0,0,0,1,0,0,0,0,0,"- ","- ",33.288318634033203,-115.96269989013672,IMPERIAL,UNINCORPORATED,-115.96274566650391,33.288227081298828
91543754,2021,2021-08-12,9625,2021-08-06,1050,018368,,5,1,9,1300,0,1,1,,2,005,"I-8 E/B FROM SR-111 S/B","I-8 E/B",312.00,S,N,A,-,Y,,,8,,,,R,,E,Y,4,0,1,1,A,-,08,22107,,N,E,I,A,A,H,-,A,D,0,,,,,Y,,A,08,0,0,1,0,0,0,0,0,0,"- ","- ",32.772811889648438,-115.50153350830078,IMPERIAL,UNINCORPORATED,-115.50153350830078,32.772811889648438
91612075,2021,2021-11-01,9625,2021-10-27,1832,018468,,3,2,9,1300,0,3,5,,2,050,"PITZER ROAD","MCCABE ROAD",0.00,,Y,A,-,N,,,,,,,,,,Y,4,0,1,2,A,-,09,21801,A,N,D,C,A,A,H,-,A,A,0,,,,,Y,,A,01,0,0,1,0,0,0,0,0,0,"- ","- ",32.752490997314453,-115.51757049560547,IMPERIAL,UNINCORPORATED,-115.51763153076172,32.752456665039062
91588294,2021,2021-10-05,9625,2021-10-03,1719,020263,,7,2,9,1300,0,1,1,,2,006,"I-8 W/B","BONDS CORNER ROAD",5280.00,E,N,A,-,Y,,,8,,,,,,W,Y,3,0,1,2,A,-,01,23152,A,N,B,E,A,A,H,-,A,D,0,,,,,Y,Y,D,22,0,1,0,0,0,0,0,0,0,"- ","- ",32.77349853515625,-115.31751251220703,IMPERIAL,UNINCORPORATED,-115.31751251220703,32.773456573486328
91386074,2021,2021-01-12,9620,2021-01-08,1342,017837,Quech,5,1,9,1300,0,1,1,,2,082,"I-8 E/B TO WINTERHAVEN DR. S/B","WINTERHAVEN DR.",0.00,,Y,A,-,Y,,,8,,,,R,,E,Y,4,0,1,2,A,-,09,21802,A,N,B,C,A,A,D,-,A,A,0,,,,,Y,,A,01,0,0,1,0,0,0,0,0,0,"- ","- ",32.731498718261719,-114.62470245361328,IMPERIAL,UNINCORPORATED,-114.62470245361328,32.731498718261719
91587240,2021,2021-10-04,9625,2021-09-25,1305,021232,,6,1,9,1300,0,3,5,,2,050,"HEBER ROAD",ANDERHOLT,2112.00,E,N,A,-,N,,,,,,,,,,Y,2,0,2,1,A,-,08,22107,,N,F,A,A,A,H,-,A,D,0,,,,,Y,,D,22,1,1,0,0,0,0,0,0,0,"- ","- ",32.730079650878906,-115.40699768066406,IMPERIAL,UNINCORPORATED,-115.40692138671875,32.730129241943359
91649192,2021,2021-12-10,9625,2021-11-30,1025,018930,,2,1,9,1300,0,3,5,,2,040,"AUSTIN ROAD","HARRIS ROAD",2653.00,N,N,A,-,N,,,,,,,,,,Y,2,0,2,2,A,-,08,22107,,N,C,C,A,A,H,-,A,D,0,,,,Y,Y,,G,26,1,0,1,0,0,0,0,0,0,"- ","- ",32.897991180419922,-115.5948486328125,IMPERIAL,UNINCORPORATED,-115.59493255615234,32.897880554199219
91389599,2021,2021-01-18,9625,2021-01-16,1845,018468,,6,2,9,1300,0,1,1,,2,006,"INTERSTATE 8 (W/B)","STATE ROUTE 111",2800.00,E,N,A,-,Y,,,,,,,,,,N,4,0,1,2,A,-,07,21658,A,N,B,C,A,A,H,-,D,D,0,,,,,Y,,A,07,0,0,1,0,0,0,0,0,0,"- ","- ",32.723831176757812,-115.49189758300781,IMPERIAL,UNINCORPORATED,-115.50099182128906,32.773700714111328
91451435,2021,2021-04-15,9625,2021-04-05,1731,018933,,1,2,9,1300,0,1,3,,2,043,SR-86,"MCCABE ROAD",0.00,,Y,A,-,Y,,,86,,,,,,,Y,3,0,2,2,A,-,12,21453,A,N,D,C,A,A,H,-,A,A,0,,,,,Y,,A,01,0,2,0,0,0,0,0,0,0,"- ","- ",32.752361297607422,-115.55191802978516,IMPERIAL,UNINCORPORATED,-115.55187225341797,32.752361297607422
9263383,2021,2021-05-13,1304,2021-04-24,1727,363,EWES,6,5,4,1304,0,0,0,,0,WEST,"W HOLT","W HOLT 1500",0.00,,N,A,-,N,,,,,,,,,,Y,3,0,1,1,A,-,03,22350,,N,E,I,A,A,H,-,A,D,0,,,,,Y,,-,,0,1,0,0,0,0,0,0,0,"- ","- ",32.787921905517578,-115.57273101806641,IMPERIAL,"EL CENTRO",-115.54399108886719,32.787746429443359
91419882,2021,2021-03-03,9625,2021-02-24,0840,016248,,3,1,9,1300,0,1,3,,2,053,SR-111,"ROSS ROAD",0.00,,Y,A,-,Y,,,111,,,,,,,Y,3,0,2,2,A,-,09,21801,A,N,D,C,A,A,H,-,A,A,0,,,,,Y,,A,07,0,2,0,0,0,0,0,0,0,"- ","- ",32.781471252441406,-115.50150299072266,IMPERIAL,UNINCORPORATED,-115.50151062011719,32.781471252441406
91438451,2021,2021-03-29,9625,2021-03-19,0058,018368,,5,3,9,1300,0,1,1,,2,001,"I-8 E/B","MOUNTAIN SPRINGS ROAD",6326.00,W,N,A,-,Y,,,8,,,,,,E,Y,2,0,1,1,A,-,08,22107,,N,E,I,A,A,H,-,D,D,0,,,,,Y,,A,01,1,0,0,0,0,0,0,0,0,"- ","- ",32.665401458740234,-116.10594940185547,IMPERIAL,UNINCORPORATED,-116.10585021972656,32.665420532226562