CASE_ID,ACCIDENT_YEAR,PROC_DATE,JURIS,COLLISION_DATE,COLLISION_TIME,OFFICER_ID,REPORTING_DISTRICT,DAY_OF_WEEK,CHP_SHIFT,POPULATION,CNTY_CITY_LOC,SPECIAL_COND,BEAT_TYPE,CHP_BEAT_TYPE,CITY_DIVISION_LAPD,CHP_BEAT_CLASS,BEAT_NUMBER,PRIMARY_RD,SECONDARY_RD,DISTANCE,DIRECTION,INTERSECTION,WEATHER_1,WEATHER_2,STATE_HWY_IND,CALTRANS_COUNTY,CALTRANS_DISTRICT,STATE_ROUTE,ROUTE_SUFFIX,POSTMILE_PREFIX,POSTMILE,LOCATION_TYPE,RAMP_INTERSECTION,SIDE_OF_HWY,TOW_AWAY,COLLISION_SEVERITY,NUMBER_KILLED,NUMBER_INJURED,PARTY_COUNT,PRIMARY_COLL_FACTOR,PCF_CODE_OF_VIOL,PCF_VIOL_CATEGORY,PCF_VIOLATION,PCF_VIOL_SUBSECTION,HIT_AND_RUN,TYPE_OF_COLLISION,MVIW,PED_ACTION,ROAD_SURFACE,ROAD_COND_1,ROAD_COND_2,LIGHTING,CONTROL_DEVICE,CHP_ROAD_TYPE,PEDESTRIAN_ACCIDENT,BICYCLE_ACCIDENT,MOTORCYCLE_ACCIDENT,TRUCK_ACCIDENT,NOT_PRIVATE_PROPERTY,ALCOHOL_INVOLVED,STWD_VEHTYPE_AT_FAULT,CHP_VEHTYPE_AT_FAULT,COUNT_SEVERE_INJ,COUNT_VISIBLE_INJ,COUNT_COMPLAINT_PAIN,COUNT_PED_KILLED,COUNT_PED_INJURED,COUNT_BICYCLIST_KILLED,COUNT_BICYCLIST_INJURED,COUNT_MC_KILLED,COUNT_MC_INJURED,PRIMARY_RAMP,SECONDARY_RAMP,LATITUDE,LONGITUDE,COUNTY,CITY,POINT_X,POINT_Y
91491334,2021,2021-06-07,9625,2021-05-29,1354,018792,,6,1,9,1300,0,1,3,,1,012,"SR-86 S/B","SUNRISE DR",0.00,,Y,A,-,Y,,,86,,,,,,S,Y,3,0,2,2,A,-,12,22450,A,N,D,C,A,A,H,-,A,A,0,,,,,Y,,A,07,0,1,1,0,0,0,0,0,0,"- ","- ",33.289218902587891,-115.97190856933594,IMPERIAL,UNINCORPORATED,-115.97193145751953,33.289207458496094
9377961,2021,2022-01-14,1304,2021-12-28,1518,322,EWEST,2,5,4,1304,0,0,0,,0,ECWEST,"12TH ST",STACEY,0.00,,Y,B,-,N,,,,,,,,,,Y,3,0,2,2,A,-,09,21800,A,N,D,C,A,A,H,-,A,D,0,,,,,Y,,-,,0,2,0,0,0,0,0,0,0,"- ","- ",32.800628662109375,-115.56566619873047,IMPERIAL,"EL CENTRO",-115.56566619873047,32.800651550292969
91656153,2021,2021-12-20,9625,2021-12-12,1505,019668,,7,2,9,1300,0,2,4,,2,046,"COLE ROAD","DOGWOOD ROAD",0.00,,Y,A,-,N,,,,,,,,,,Y,4,0,2,2,A,-,12,22450,A,N,D,C,A,A,H,-,A,A,0,,,,,Y,,A,01,0,0,2,0,0,0,0,0,0,"- ","- ",32.693958282470703,-115.53412628173828,IMPERIAL,UNINCORPORATED,-115.53398132324219,32.694004058837891
91711349,2021,2022-02-28,9625,2021-11-04,1410,019667,,4,2,9,1300,0,1,3,,1,042,"STATE ROUTE 98","SIGNAL ROAD",48576.00,W,N,A,-,Y,,,98,,,,,,,Y,1,1,1,2,A,-,06,21751,,N,A,C,A,A,H,-,A,D,0,,,,,Y,,D,22,1,0,0,0,0,0,0,0,0,"- ","- ",32.671428680419922,-115.84961700439453,IMPERIAL,UNINCORPORATED,-115.84962463378906,32.671440124511719
9254883,2021,2021-04-29,1304,2021-02-20,2039,337,ELEC,6,5,4,1304,0,0,0,,0,WEST,"19TH ST","FARMER DR",0.00,,Y,A,-,N,,,,,,,,,,Y,3,0,1,3,A,-,09,21800,A,N,D,C,A,A,H,-,C,D,0,,,,,Y,Y,A,01,0,1,0,0,0,0,0,0,0,"- ","- ",32.771411895751953,-115.57631683349609,IMPERIAL,"EL CENTRO",-115.57634735107422,32.771484375
9216581,2021,2021-03-11,1304,2021-01-20,1836,357,ELCE,3,5,4,1304,0,0,0,,0,EAST,"WAKE AV","4TH ST",0.00,,Y,C,-,N,,,,,,,,,,N,4,0,1,2,A,-,10,21950,A,N,G,B,B,B,H,-,C,A,0,Y,,,,Y,,A,01,0,0,1,0,1,0,0,0,0,"- ","- ",32.771278381347656,-115.55214691162109,IMPERIAL,"EL CENTRO",-115.55231475830078,32.771186828613281
91486989,2021,2021-06-21,9625,2021-05-23,0845,018368,,7,1,9,1300,0,2,4,,2,047,"FORRESTER ROAD","ATEN ROAD",0.00,,Y,A,-,N,,,,,,,,,,N,2,0,2,2,A,-,12,22450,A,N,D,C,A,A,H,-,A,A,0,,,,,Y,Y,A,01,2,0,0,0,0,0,0,0,0,"- ","- ",32.82550048828125,-115.62071990966797,IMPERIAL,UNINCORPORATED,-115.61183166503906,32.810840606689453
9355674,2021,2021-11-04,1304,2021-08-08,1306,325,ELCE,7,5,4,1304,0,0,0,,0,EAST,4TH,"DESERT GARDENS",0.00,,Y,A,-,Y,IMP,11,86,-,-,6.499,I,6,S,N,3,0,1,2,A,-,11,21950,B,N,D,G,A,A,H,-,A,D,0,,Y,,,Y,,L,04,0,1,0,0,0,0,1,0,0,"- ","- ",32.780899047851562,-115.55256652832031,IMPERIAL,"EL CENTRO",-115.55242919921875,32.780948638916016
91447494,2021,2021-04-09,9625,2021-04-02,1230,018468,,5,1,9,1300,0,1,3,,1,042,"STATE ROUTE 98","MOLITAR ROAD",13517.00,E,N,A,-,Y,,,98,,,,,,,Y,2,0,1,1,A,-,08,22107,,N,F,A,A,A,H,-,A,D,0,,,,,Y,,A,07,1,0,0,0,0,0,0,0,0,"- ","- ",32.706890106201172,-115.93569183349609,IMPERIAL,UNINCORPORATED,-115.93563842773438,32.706935882568359
91386743,2021,2021-01-13,9625,2021-01-08,1314,018933,,5,1,9,1300,0,2,4,,2,046,"DOGWOOD ROAD","CORRELL ROAD",643.00,S,N,A,-,N,,,,,,,,,,Y,4,0,2,3,A,-,03,22350,,N,C,C,A,A,H,-,A,D,0,,,,,Y,,A,07,0,0,2,0,0,0,0,0,0,"- ","- ",32.736400604248047,-115.53453063964844,IMPERIAL,UNINCORPORATED,-115.5345458984375,32.736164093017578
91472541,2021,2021-05-13,9625,2021-05-06,0658,016248,,4,1,9,1300,0,1,3,,2,053,"SR-111 N/B","JASPER ROAD",2636.00,N,N,A,-,Y,,,111,,,,,,N,Y,3,0,1,1,A,-,08,22107,,N,F,I,A,A,H,-,A,D,0,,,,,Y,,A,07,0,1,0,0,0,0,0,0,0,"- ","- ",32.716690063476562,-115.49925231933594,IMPERIAL,UNINCORPORATED,-115.49951171875,32.7166748046875
91412551,2021,2021-02-22,9625,2021-02-11,1825,018792,,4,2,9,1300,0,1,3,,1,011,"SR-86 N/B","VENDEL ROAD",0.00,,Y,A,-,Y,,,86,,,,,,N,Y,3,0,5,2,A,-,08,22107,,N,D,C,A,A,H,-,D,A,0,,,,Y,Y,,G,25,0,4,1,0,0,0,0,0,0,"- ","- ",33.038928985595703,-115.70774841308594,IMPERIAL,UNINCORPORATED,-115.70774841308594,33.038944244384766
91557052,2021,2021-08-27,9625,2021-08-25,0742,018468,,3,1,9,1300,0,2,4,,2,057,"EVAN HEWES HIGHWAY","OLD HIGHWAY 111",0.00,,Y,A,-,Y,,,,,,,,,,Y,3,0,1,2,A,-,09,21802,A,N,D,C,A,A,H,-,A,A,0,,,Y,,Y,,C,02,0,1,0,0,0,0,0,0,1,"- ","- ",32.799320220947266,-115.50167846679688,IMPERIAL,UNINCORPORATED,-115.50041961669922,32.799835205078125
91671332,2021,2022-01-05,9620,2021-12-28,1000,018247,,2,1,9,1300,0,2,4,,1,061,"OGILBY RD",SR-78,85.00,N,N,A,-,N,,,,,,,,,,Y,2,0,1,1,A,-,03,22350,,N,F,A,A,A,H,-,A,A,0,,,,,Y,,M,47,1,0,0,0,0,0,0,0,0,"- ","- ",33.085468292236328,-114.91159057617188,IMPERIAL,UNINCORPORATED,-114.91136169433594,33.085491180419922
9215275,2021,2021-03-09,1304,2021-01-08,0120,361,ELCE,5,5,4,1304,0,0,0,,0,EAST,ROSS,DOGWOOD,270.00,W,N,A,-,N,,,,,,,,,,Y,3,0,2,1,A,-,08,22107,,N,F,I,A,A,H,-,C,D,0,,,,,Y,,A,01,0,2,0,0,0,0,0,0,0,"- ","- ",,,IMPERIAL,"EL CENTRO",-115.53537750244141,32.781490325927734
9252328,2021,2021-04-19,1301,2021-02-05,0729,911,BRAWL,5,5,3,1301,0,0,0,,0,001,"A ST","1ST ST",0.00,,Y,A,-,N,,,,,,,,,,Y,4,0,1,2,A,-,12,22450,A,N,D,C,A,A,H,-,A,A,0,,,,,Y,,-,"- ",0,0,1,0,0,0,0,0,0,"- ","- ",,,IMPERIAL,BRAWLEY,-115.56541442871094,32.9591064453125
91444323,2021,2021-04-06,9625,2021-03-26,0950,018468,,5,1,9,1300,0,1,3,,1,054,"STATE ROUTE 111 (S/B)","EVAN HEWES HIGHWAY",0.00,,Y,A,-,Y,,,111,,,,,,,Y,3,0,3,2,A,-,12,21453,A,N,A,C,A,A,H,-,A,A,0,,,,,Y,,A,01,0,2,1,0,0,0,0,0,0,"- ","- ",32.799640655517578,-115.50067138671875,IMPERIAL,UNINCORPORATED,-115.50058746337891,32.799625396728516
91530743,2021,2021-07-28,9625,2021-07-16,2254,021107,,5,3,9,1300,0,1,1,,2,005,"INTERSTATE 8 EASTBOUND","STATE ROUTE 111",270.00,W,N,A,-,Y,,,8,,,,,,E,Y,3,0,1,2,A,-,03,22350,,N,C,C,A,A,H,-,C,D,0,,,,,Y,,A,01,0,1,0,0,0,0,0,0,0,"- ","- ",32.773689270019531,-115.50222778320312,IMPERIAL,UNINCORPORATED,-115.50222778320312,32.773677825927734
91669830,2021,2022-01-04,9625,2021-12-23,1005,016248,,4,1,9,1300,0,3,5,,2,010,S-22,"SOUTH MARINA DR.",3538.00,W,N,B,-,N,,,,,,,,,,Y,3,0,1,1,A,-,08,22107,,N,E,I,A,A,H,-,A,D,0,,,,,Y,,A,01,0,1,0,0,0,0,0,0,0,"- ","- ",33.271110534667969,-116.03804779052734,IMPERIAL,UNINCORPORATED,,
91594115,2021,2021-10-12,9625,2021-10-02,1815,018792,,6,2,9,1300,0,1,3,,1,022,SR-111,"RANGE ROAD",835.00,S,N,A,-,Y,,,111,,,,,,,Y,2,0,2,1,A,-,01,23152,A,N,E,I,A,A,H,-,B,D,0,,,,,Y,Y,A,01,2,0,0,0,0,0,0,0,0,"- ","- ",33.367168426513672,-115.76918029785156,IMPERIAL,UNINCORPORATED,-115.76925659179688,33.367069244384766
91506987,2021,2021-06-25,9625,2021-06-15,1340,018792,,2,1,9,1300,0,3,5,,2,020,"TAEKER ROAD","HASTAIN ROAD",0.00,,Y,A,-,N,,,,,,,,,,Y,2,0,2,2,A,-,09,21800,A,N,D,C,A,A,H,-,A,D,0,,,,Y,Y,,D,22,2,0,0,0,0,0,0,0,0,"- ","- ",32.986408233642578,-115.40614318847656,IMPERIAL,UNINCORPORATED,-115.40614318847656,32.9864501953125
9303675,2021,2021-10-20,1304,2021-08-03,0804,368,E1,2,5,4,1304,0,0,0,,0,WEST,"IMPERIAL AV","OCOTILLO DR",0.00,,Y,A,-,N,,,,,,,,,,N,3,0,1,3,A,-,10,21950,A,N,G,B,B,A,H,-,A,A,0,Y,,,,Y,,A,01,0,1,0,0,1,0,0,0,0,"- ","- ",,,IMPERIAL,"EL CENTRO",-115.56957244873047,32.777179718017578
91425998,2021,2021-03-12,9625,2021-03-02,1840,021107,,2,2,9,1300,0,1,3,,1,054,"SR-111 S/B","WORTHINGTON ROAD",1818.00,S,N,A,-,Y,,,111,,,,,,S,N,2,0,1,2,A,-,11,21954,A,N,G,B,E,A,H,-,D,D,0,Y,,,,Y,Y,N,60,1,0,0,0,1,0,0,0,0,"- ","- ",32.842819213867188,-115.50515747070312,IMPERIAL,UNINCORPORATED,-115.50506591796875,32.842876434326172
91525863,2021,2021-07-21,9625,2021-07-14,1725,019225,,3,2,9,1300,0,1,3,,1,051,"SR-7 (NORTHBOUND)","MAGGIO ROAD",1820.00,S,N,A,-,Y,,,7,,,,,,,Y,4,0,1,2,A,-,07,21658,A,N,B,C,A,A,H,-,A,D,0,,,Y,Y,Y,,F,25,0,0,1,0,0,0,0,0,1,"- ","- ",32.683300018310547,-115.38478088378906,IMPERIAL,UNINCORPORATED,-115.38479614257812,32.683322906494141
91669969,2021,2022-01-04,9625,2021-12-24,0200,018978,,5,3,9,1300,0,3,5,,2,010,"BRANDT ROAD","BAUGHMAN ROAD",373.00,S,N,A,-,N,,,,,,,,,,Y,3,0,1,2,A,-,08,22107,,N,C,E,A,A,H,-,D,D,0,,,,,Y,,A,01,0,1,0,0,0,0,0,0,0,"- ","- ",33.0289306640625,-115.56140899658203,IMPERIAL,UNINCORPORATED,-115.56140899658203,33.02899169921875
91549607,2021,2021-08-19,9625,2021-08-13,1930,019668,,5,2,9,1300,0,3,5,,2,050,"KLOKE ROAD","COLE ROAD",0.00,,Y,A,-,N,,,,,,,,,,N,2,0,1,2,A,-,12,22450,A,N,D,C,A,A,H,-,C,A,0,,,Y,,Y,,C,02,1,0,0,0,0,0,0,0,1,"- ","- ",32.694061279296875,-115.51673889160156,IMPERIAL,UNINCORPORATED,-115.51679229736328,32.693992614746094
91564720,2021,2021-09-07,9625,2021-08-28,0220,020738,,6,3,9,1300,0,3,5,,2,010,"WIEMAN ROAD","CADY ROAD",0.00,,Y,A,-,N,,,,,,,,,,N,3,0,1,1,A,-,03,22350,,N,E,I,A,A,H,-,C,D,0,,,,,Y,,A,01,0,1,0,0,0,0,0,0,0,"- ","- ",32.977310180664062,-115.65859985351562,IMPERIAL,UNINCORPORATED,-115.65866851806641,32.977413177490234
9290662,2021,2021-08-24,1304,2021-07-16,1017,327,,5,5,4,1304,0,0,0,,0,EAST,"S IMPERIAL AV","ROSS AV",21.00,S,N,A,-,N,,,,,,,,,,Y,3,0,2,2,A,-,12,21453,A,N,D,C,A,A,H,-,A,A,0,,,,,Y,,A,01,0,1,1,0,0,0,0,0,0,"- ","- ",,,IMPERIAL,"EL CENTRO",-115.56968688964844,32.781421661376953
9234374,2021,2021-04-15,1304,2021-03-24,1515,332,EAST,3,5,4,1304,0,0,0,,0,EAST,7TH,EUCLID,0.00,,Y,A,-,N,,,,,,,,,,Y,4,0,1,2,A,-,09,21800,A,N,D,C,A,A,H,-,A,D,0,,,,,Y,,A,07,0,0,1,0,0,0,0,0,0,"- ","- ",32.798431396484375,-115.55924224853516,IMPERIAL,"EL CENTRO",-115.55924224853516,32.798374176025391
91542399,2021,2021-08-11,9625,2021-07-30,1513,018978,,5,2,9,1300,0,2,4,,2,046,"DOGWOOD ROAD","MCCABE ROAD",181.00,N,N,A,-,N,,,,,,,,,,Y,3,0,1,1,A,-,01,23152,A,N,E,I,A,D,H,-,A,A,0,,,,,Y,Y,D,22,0,1,0,0,0,0,0,0,0,"- ","- ",32.752971649169922,-115.53491973876953,IMPERIAL,UNINCORPORATED,-115.53489685058594,32.752864837646484
91447415,2021,2021-04-09,9625,2021-03-26,2500,018930,,5,4,9,1300,0,3,5,,2,010,"CADY ROAD","NICE ROAD",1061.00,E,N,A,-,N,,,,,,,,,,Y,3,0,1,1,A,-,08,22107,,N,E,I,A,A,H,-,D,D,0,,,,,Y,Y,D,22,0,1,0,0,0,0,0,0,0,"- ","- ",32.977699279785156,-115.61129760742188,IMPERIAL,UNINCORPORATED,-115.60085296630859,32.979255676269531
91537434,2021,2021-08-05,9625,2021-07-30,1435,019668,,5,2,3,1301,0,3,5,,2,040,"AUSTIN ROAD","KEYSTONE ROAD",4755.00,N,N,A,-,N,,,,,,,,,,Y,4,0,2,1,A,-,03,22350,,N,E,I,A,A,H,-,A,D,0,,,,,Y,,A,01,0,0,2,0,0,0,0,0,0,"- ","- ",32.925708770751953,-115.59484100341797,IMPERIAL,BRAWLEY,-115.59494781494141,32.925544738769531
91389595,2021,2021-01-18,9625,2021-01-15,1513,019582,,5,2,9,1300,0,1,3,,1,042,SR-98,"BROCKMAN ROAD",0.00,,Y,A,-,Y,,,98,,,,,,,Y,2,0,2,2,A,-,09,21802,A,N,D,C,A,A,H,-,A,A,0,,,,,Y,,A,01,1,1,0,0,0,0,0,0,0,"- ","- ",32.679130554199219,-115.6385498046875,IMPERIAL,UNINCORPORATED,-115.6385498046875,32.679237365722656
91492209,2021,2021-06-08,9625,2021-05-30,0536,021107,,7,3,9,1300,0,2,4,,2,047,"FORRESTER ROAD","THOMPSON ROAD",110.00,S,N,A,-,N,,,,,,,,,,Y,3,0,1,1,A,-,08,22107,,N,F,A,A,A,H,-,B,D,0,,,,,Y,,A,01,0,1,0,0,0,0,0,0,0,"- ","- ",32.878608703613281,-115.62110900878906,IMPERIAL,UNINCORPORATED,-115.62130737304688,32.878761291503906
91594588,2021,2021-10-12,9620,2021-10-10,1345,018535,,7,1,9,1300,0,1,3,,1,063,SR-78,"MIDWAY WELL ROAD",7920.00,W,N,A,G,Y,,,78,,,,,,,Y,2,0,1,1,A,-,08,22107,,N,E,I,A,A,H,-,A,D,0,,,,,Y,,A,01,1,0,0,0,0,0,0,0,0,"- ","- ",33.196258544921875,-114.85907745361328,IMPERIAL,UNINCORPORATED,-114.85914611816406,33.196281433105469
91624269,2021,2021-11-15,9625,2021-11-03,2245,018978,,3,3,9,1300,0,1,3,,1,021,"STATE ROUTE 111","SINCLAIR ROAD",513.00,S,N,A,-,Y,,,111,,,,,,,Y,3,0,1,1,A,-,08,22107,,N,F,A,A,A,H,-,D,D,0,,,,,Y,,D,22,0,1,0,0,0,0,0,0,0,"- ","- ",33.175529479980469,-115.51901245117188,IMPERIAL,UNINCORPORATED,-115.51905822753906,33.175529479980469
91536164,2021,2021-08-03,9625,2021-07-28,1540,019225,,3,2,9,1300,0,1,3,,1,054,"SR-111 N/B","WORTHINGTON ROAD",0.00,,Y,A,-,Y,,,,,,,,,,Y,2,0,3,2,A,-,12,21453,A,N,D,C,A,A,H,-,A,A,0,,,,Y,Y,,A,08,1,0,2,0,0,0,0,0,0,"- ","- ",32.820220947265625,-115.57051849365234,IMPERIAL,UNINCORPORATED,-115.50747680664062,32.847362518310547
91402413,2021,2021-02-04,9625,2021-01-30,0350,019668,,6,3,9,1300,0,3,5,,2,050,"ORCHARD ROAD","EDWARDS ROAD",25.00,N,N,A,-,N,,,,,,,,,,Y,4,0,1,1,A,-,01,23152,A,N,E,I,A,A,H,-,C,A,0,,,,,Y,Y,A,01,0,0,1,0,0,0,0,0,0,"- ","- ",32.788761138916016,-115.3837890625,IMPERIAL,UNINCORPORATED,-115.38374328613281,32.788799285888672
91511320,2021,2021-07-01,9625,2021-06-23,2025,019225,,3,2,9,1300,0,3,5,,2,050,"HUNT ROAD","METS ROAD",0.00,,Y,A,-,N,,,,,,,,,,Y,4,0,1,1,A,-,03,22350,,N,E,I,A,A,H,-,D,A,0,,,,,Y,,A,01,0,0,1,0,0,0,0,0,0,"- ","- ",32.766529083251953,-115.39646148681641,IMPERIAL,UNINCORPORATED,-115.39642333984375,32.7662353515625
91614588,2021,2021-11-03,9625,2021-10-30,0815,019668,,6,1,9,1300,0,1,3,,2,056,SR-115,"KEYSTONE ROAD",0.00,,Y,A,-,Y,,,115,,,,,,,Y,3,0,1,2,A,-,12,22450,A,N,D,C,A,A,H,-,A,A,0,,,,Y,Y,,A,07,0,1,0,0,0,0,0,0,0,"- ","- ",32.916561126708984,-115.40621948242188,IMPERIAL,UNINCORPORATED,-115.40625,32.916561126708984
91644542,2021,2021-12-06,9625,2021-12-05,0928,016248,,7,1,9,1300,0,1,3,,1,054,"SR-111 N/B","WORTHINGTON ROAD",25.00,S,N,A,-,Y,,,111,,,,,,N,Y,4,0,1,2,A,-,03,22350,,N,C,C,A,A,H,-,A,A,0,,,,,Y,,A,01,0,0,1,0,0,0,0,0,0,"- ","- ",32.84722900390625,-115.50747680664062,IMPERIAL,UNINCORPORATED,-115.50756072998047,32.847198486328125
91511081,2021,2021-07-01,9625,2021-06-23,1520,019225,,3,2,9,1300,0,1,3,,2,053,"SR-111 S/B","MCCABE ROAD",55.00,N,N,A,-,Y,,,111,,,,,,S,Y,4,0,4,2,A,-,03,22350,,N,C,C,A,A,H,-,A,A,0,,,,,Y,,A,07,0,0,4,0,0,0,0,0,0,"- ","- ",32.751949310302734,-115.50099182128906,IMPERIAL,UNINCORPORATED,-115.50075531005859,32.751953125
9316270,2021,2021-09-17,1301,2021-07-07,2119,907,BRAWL,3,5,3,1301,0,0,0,,0,0B1,MAIN,2ND,0.00,,Y,A,-,N,,,,,,,,,,Y,4,0,1,2,A,-,00,21461,,N,D,C,A,A,H,-,C,A,0,,,,,Y,,A,01,0,0,1,0,0,0,0,0,0,"- ","- ",32.978610992431641,-115.53942108154297,IMPERIAL,BRAWLEY,-115.53945159912109,32.978626251220703
91388942,2021,2021-01-18,9625,2021-01-12,1541,019582,,2,2,9,1300,0,1,1,,2,001,"I-8 E/B","MOUNTAIN SPRINGS ROAD",7920.00,E,N,A,-,Y,,,8,,,,,,E,Y,4,0,1,1,A,-,08,22107,,N,E,I,A,A,H,-,A,A,0,,,,Y,Y,,G,25,0,0,1,0,0,0,0,0,0,"- ","- ",32.674221038818359,-116.075439453125,IMPERIAL,UNINCORPORATED,-116.07546234130859,32.674247741699219
91454669,2021,2021-04-20,9625,2021-04-17,1645,022010,,6,2,9,1300,0,3,5,,2,050,"HEBER ROAD","BOWKER ROAD",106.00,W,N,A,-,N,,,,,,,,,,N,4,0,1,1,A,-,08,22107,,N,F,A,A,A,H,-,A,D,0,,,Y,,Y,,C,02,0,0,1,0,0,0,0,0,1,"- ","- ",32.730308532714844,-115.46573638916016,IMPERIAL,UNINCORPORATED,-115.46539306640625,32.730350494384766
91500719,2021,2021-06-18,9625,2021-06-11,1840,019667,,5,2,9,1300,0,3,5,,2,040,"AUSTIN ROAD","LARSEN ROAD",1309.00,S,N,A,-,N,,,,,,,,,,N,3,0,1,1,A,-,01,23152,A,N,F,A,A,A,H,-,A,D,0,,,,,Y,Y,A,01,0,1,0,0,0,0,0,0,0,"- ","- ",32.869010925292969,-115.59515380859375,IMPERIAL,UNINCORPORATED,-115.59493255615234,32.872753143310547
9250746,2021,2021-05-17,1304,2021-04-17,0250,368,E1,6,5,4,1304,0,0,0,,0,EAST,"3RD ST","ROSS AV",0.00,,Y,A,-,N,,,,,,,,,,Y,3,0,2,1,A,-,03,22350,,N,A,I,A,A,H,-,C,A,0,,,,,Y,,-,,0,2,0,0,0,0,0,0,0,"- ","- ",,,IMPERIAL,"EL CENTRO",-115.55030822753906,32.781455993652344
91575980,2021,2021-09-21,9625,2021-09-14,2235,019668,,2,3,9,1300,0,1,3,,1,044,"SR-86 NORTHBOUND","HARRIS ROAD",195.00,S,N,A,-,Y,,,86,,,,,,N,N,4,0,1,2,A,-,03,22350,,N,C,C,A,A,H,-,D,D,0,,,,,Y,,D,22,0,0,1,0,0,0,0,0,0,"- ","- ",32.882270812988281,-115.57013702392578,IMPERIAL,UNINCORPORATED,-115.57022857666016,32.882270812988281
91550131,2021,2021-08-20,9625,2021-08-15,1630,019668,,7,2,9,1300,0,2,4,,2,047,"EVAN HEWES HIGHWAY","FORRESTER ROAD",0.00,,Y,A,-,N,,,,,,,,,,Y,3,0,1,2,A,-,01,23152,A,N,D,C,A,A,H,-,A,A,0,,,,,Y,Y,A,01,0,1,0,0,0,0,0,0,0,"- ","- ",32.796581268310547,-115.62081909179688,IMPERIAL,UNINCORPORATED,-115.61180877685547,32.804046630859375
91647469,2021,2021-12-09,9625,2021-11-29,1525,018933,,1,2,9,1300,0,2,4,,2,046,"DOGWOOD ROAD","COLE ROAD",200.00,N,N,A,-,N,,,,,,,,,,Y,2,0,1,2,A,-,09,21801,A,N,D,C,A,A,H,-,A,D,0,,,Y,,Y,,A,07,1,0,0,0,0,0,0,0,1,"- ","- ",32.695228576660156,-115.53399658203125,IMPERIAL,UNINCORPORATED,-115.53400421142578,32.694545745849609
91488843,2021,2021-06-03,9625,2021-05-27,2015,019225,,4,2,9,1300,0,1,3,,2,053,"SR-111 S/B","HEBER ROAD",900.00,N,N,A,-,Y,,,111,,,,,,S,N,4,0,1,2,A,-,03,22350,,F,C,C,A,A,H,-,D,D,0,,,,,Y,,A,01,0,0,1,0,0,0,0,0,0,"- ","- ",32.733238220214844,-115.50051879882812,IMPERIAL,UNINCORPORATED,-115.50046539306641,32.733242034912109
91582998,2021,2021-09-29,9625,2021-09-27,0240,020111,,1,3,9,1300,0,1,1,,2,003,"INTERSTATE 8 E/B","IMPERIAL HIGHWAY",20750.00,E,N,A,-,Y,,,8,,,,,,E,Y,4,0,1,1,A,-,08,22107,,N,F,A,A,A,H,-,D,D,0,,,,,Y,,A,01,0,0,1,0,0,0,0,0,0,"- ","- ",32.747470855712891,-115.92884826660156,IMPERIAL,UNINCORPORATED,-115.92884826660156,32.747428894042969
91633246,2021,2021-11-23,9625,2021-11-15,0805,016248,,1,1,9,1300,0,1,3,,1,051,"SR-7 N/B FROM NINA LEE ROAD","NINA LEE ROAD",274.00,S,N,A,-,Y,,,7,,,,R,,N,Y,3,0,1,1,A,-,16,24002,A,N,F,A,A,A,H,-,A,D,0,,,,Y,Y,,F,27,0,1,0,0,0,0,0,0,0,"- ","- ",32.682521820068359,-115.38610076904297,IMPERIAL,UNINCORPORATED,-115.38610076904297,32.682521820068359
9339619,2021,2021-10-20,1304,2021-09-26,1922,358,,7,5,4,1304,0,0,0,,0,WEST,"IMPERIAL AV",ADAMS,0.00,,Y,A,-,Y,IMP,11,86,-,L,8.525,I,5,N,Y,4,0,3,2,A,-,12,21453,A,N,A,C,A,A,H,-,C,A,0,,,,,Y,,A,01,0,0,3,0,0,0,0,0,0,"- ","- ",,,IMPERIAL,"EL CENTRO",-115.56998443603516,32.796550750732422