CASE_ID,ACCIDENT_YEAR,PROC_DATE,JURIS,COLLISION_DATE,COLLISION_TIME,OFFICER_ID,REPORTING_DISTRICT,DAY_OF_WEEK,CHP_SHIFT,POPULATION,CNTY_CITY_LOC,SPECIAL_COND,BEAT_TYPE,CHP_BEAT_TYPE,CITY_DIVISION_LAPD,CHP_BEAT_CLASS,BEAT_NUMBER,PRIMARY_RD,SECONDARY_RD,DISTANCE,DIRECTION,INTERSECTION,WEATHER_1,WEATHER_2,STATE_HWY_IND,CALTRANS_COUNTY,CALTRANS_DISTRICT,STATE_ROUTE,ROUTE_SUFFIX,POSTMILE_PREFIX,POSTMILE,LOCATION_TYPE,RAMP_INTERSECTION,SIDE_OF_HWY,TOW_AWAY,COLLISION_SEVERITY,NUMBER_KILLED,NUMBER_INJURED,PARTY_COUNT,PRIMARY_COLL_FACTOR,PCF_CODE_OF_VIOL,PCF_VIOL_CATEGORY,PCF_VIOLATION,PCF_VIOL_SUBSECTION,HIT_AND_RUN,TYPE_OF_COLLISION,MVIW,PED_ACTION,ROAD_SURFACE,ROAD_COND_1,ROAD_COND_2,LIGHTING,CONTROL_DEVICE,CHP_ROAD_TYPE,PEDESTRIAN_ACCIDENT,BICYCLE_ACCIDENT,MOTORCYCLE_ACCIDENT,TRUCK_ACCIDENT,NOT_PRIVATE_PROPERTY,ALCOHOL_INVOLVED,STWD_VEHTYPE_AT_FAULT,CHP_VEHTYPE_AT_FAULT,COUNT_SEVERE_INJ,COUNT_VISIBLE_INJ,COUNT_COMPLAINT_PAIN,COUNT_PED_KILLED,COUNT_PED_INJURED,COUNT_BICYCLIST_KILLED,COUNT_BICYCLIST_INJURED,COUNT_MC_KILLED,COUNT_MC_INJURED,PRIMARY_RAMP,SECONDARY_RAMP,LATITUDE,LONGITUDE,COUNTY,CITY,POINT_X,POINT_Y
91530649,2021,2021-07-28,9625,2021-07-16,2230,020738,,5,3,9,1300,0,1,3,,1,022,SR-111,"AVENUE A",1478.00,S,N,A,G,Y,,,111,,,,,,,Y,3,0,1,1,A,-,08,22107,,N,F,A,A,A,H,-,D,D,0,,,,,Y,Y,D,22,0,1,0,0,0,0,0,0,0,"- ","- ",33.360118865966797,-115.72886657714844,IMPERIAL,UNINCORPORATED,-115.72906494140625,33.360408782958984
91553252,2021,2021-08-24,9625,2021-03-15,1613,013727,,1,2,9,1300,0,1,3,,1,012,"STATE ROUTE 86 N/B","N. MARINA DRIVE",2030.00,N,N,F,G,Y,,,86,,,,,,N,Y,3,0,3,3,A,-,03,22350,,N,C,C,A,A,H,-,A,D,0,,,,,Y,,D,22,0,2,1,0,0,0,0,0,0,"- ","- ",33.30767822265625,-115.98531341552734,IMPERIAL,UNINCORPORATED,-115.98528289794922,33.307701110839844
9234372,2021,2021-04-15,1304,2021-03-24,1704,358,,3,5,4,1304,0,0,0,,0,EAST,"8TH ST","PARK AV",0.00,,Y,A,-,N,,,,,,,,,,Y,3,0,1,2,A,-,09,21801,A,N,D,C,A,A,H,-,-,-,0,,,,,Y,,-,,0,1,0,0,0,0,0,0,0,"- ","- ",32.795879364013672,-115.56134033203125,IMPERIAL,"EL CENTRO",-115.56147003173828,32.795783996582031
9279270,2021,2021-06-21,1304,2021-05-09,0430,368,E1,7,5,4,1304,0,0,0,,0,EAST,HOPE,ROSS,0.00,,Y,A,-,N,,,,,,,,,,N,3,0,1,1,A,-,01,23152,A,N,A,I,A,A,H,-,C,A,0,,,,,Y,Y,A,01,0,1,0,0,0,0,0,0,0,"- ","- ",,,IMPERIAL,"EL CENTRO",-115.53958892822266,32.781490325927734
91386801,2021,2021-01-13,9625,2021-01-12,0835,016248,,2,1,9,1300,0,1,3,,1,051,"SR-7 N/B","HEBER ROAD",0.00,,Y,A,-,Y,,,7,,,,,,N,N,4,0,1,2,A,-,09,21802,A,N,D,C,A,A,H,-,A,A,0,,,,Y,Y,,F,27,0,0,1,0,0,0,0,0,0,"- ","- ",32.730861663818359,-115.38198852539062,IMPERIAL,UNINCORPORATED,-115.38204956054688,32.730857849121094
91520797,2021,2021-07-15,9625,2021-06-30,2257,020111,,3,3,9,1300,0,1,3,,2,043,"MCCABE ROAD",SR-86,0.00,,Y,A,-,Y,,,,,,,,,,Y,3,0,2,2,A,-,17,21451,A,N,D,C,A,A,H,-,C,A,0,,,,,Y,,A,01,0,2,0,0,0,0,0,0,0,"- ","- ",32.752330780029297,-115.55181121826172,IMPERIAL,UNINCORPORATED,-115.55182647705078,32.752368927001953
91466511,2021,2021-05-05,9625,2021-03-25,0105,019225,,4,3,9,1300,0,1,3,,2,052,SR-98,"VENCILL ROAD",2175.00,E,N,A,-,Y,,,98,,,,,,,Y,1,1,0,2,A,-,03,22350,,N,C,C,A,A,H,-,D,D,0,,,,,Y,,A,01,0,0,0,0,0,0,0,0,0,"- ","- ",32.693740844726562,-115.34750366210938,IMPERIAL,UNINCORPORATED,-115.34749603271484,32.693805694580078
91394656,2021,2021-01-26,9625,2021-01-20,1246,017075,,3,1,9,1300,0,3,5,,2,050,"ATEN ROAD","COOLEY ROAD",1056.00,W,N,C,-,N,,,,,,,,,,Y,4,0,1,1,A,-,03,22350,,N,E,I,A,B,H,-,A,D,0,,,,,Y,,A,01,0,0,1,0,0,0,0,0,0,"- ","- ",32.825580596923828,-115.52394104003906,IMPERIAL,UNINCORPORATED,-115.52195739746094,32.825534820556641
91458081,2021,2021-04-26,9625,2021-04-18,1500,020111,,7,2,9,1300,0,1,3,,1,054,"SR-111 S/B","ROSS ROAD",86.00,N,N,A,-,Y,,,111,,,,,,S,Y,3,0,3,3,A,-,03,22350,,N,C,C,A,A,H,-,A,A,0,,,,,Y,,D,22,0,3,0,0,0,0,0,0,0,"- ","- ",32.781608581542969,-115.50154113769531,IMPERIAL,UNINCORPORATED,-115.50151062011719,32.781612396240234
91596204,2021,2021-10-14,9625,2021-10-03,1538,021232,,7,2,9,1300,0,3,5,,2,020,"WEIST ROAD","NOFFSINGER ROAD",210.00,N,N,A,-,N,,,,,,,,,,Y,2,0,1,2,A,-,02,22526,C,N,H,F,A,A,H,-,A,A,0,,,,,Y,,A,01,1,0,0,0,0,0,0,0,0,"- ","- ",33.216148376464844,-115.45249176025391,IMPERIAL,UNINCORPORATED,-115.45288848876953,33.216648101806641
9303753,2021,2021-08-20,1301,2021-05-04,1640,9A6,,2,5,3,1301,0,0,0,,0,002,MALAN,GRAPEFRUIT,19.00,W,N,A,-,N,,,,,,,,,,N,4,0,1,2,A,-,03,22350,,N,C,C,A,A,H,-,A,D,0,,,,,Y,,A,01,0,0,1,0,0,0,0,0,0,"- ","- ",,,IMPERIAL,BRAWLEY,-115.53408813476562,32.970771789550781
91388971,2021,2021-01-18,9625,2021-01-16,0945,016248,,6,1,9,1300,0,1,3,,2,053,"SR-111 S/B","JASPER ROAD",2218.00,N,N,A,-,Y,,,111,,,,,,S,N,4,0,1,2,A,-,03,22350,,N,C,C,A,A,H,-,A,D,0,,,,,Y,,D,22,0,0,1,0,0,0,0,0,0,"- ","- ",32.714809417724609,-115.49970245361328,IMPERIAL,UNINCORPORATED,-115.49947357177734,32.714813232421875
91414468,2021,2021-02-24,9625,2021-02-21,1655,019668,,7,2,9,1300,0,3,5,,2,020,"BRANDT ROAD","EDDINS ROAD",0.00,,Y,A,-,N,,,,,,,,,,Y,4,0,2,2,A,-,12,22450,A,N,D,C,A,A,H,-,A,A,0,,,,,Y,,A,07,0,0,2,0,0,0,0,0,0,"- ","- ",33.125740051269531,-115.56260681152344,IMPERIAL,UNINCORPORATED,-115.56259155273438,33.125751495361328
91552699,2021,2021-08-24,9625,2021-08-17,1920,018792,,2,2,9,1300,0,1,3,,1,054,"SR-111 S/B","EVAN HEWES HIGHWAY",206.00,N,N,A,-,Y,,,111,,,,,,S,Y,3,0,3,2,A,-,03,22350,,N,C,C,A,A,H,-,B,A,0,,,,,Y,,A,01,0,2,1,0,0,0,0,0,0,"- ","- ",32.800319671630859,-115.50067138671875,IMPERIAL,UNINCORPORATED,-115.50054931640625,32.800315856933594
91559520,2021,2021-08-31,9625,2021-08-25,1950,019668,,3,2,9,1300,0,2,4,,2,057,"EVAN HEWES HIGHWAY W/B","MELOLAND ROAD",1220.00,E,N,A,-,N,,,,,,,,,,Y,3,0,1,2,A,-,03,22350,,F,C,C,A,A,H,-,D,D,0,,,,,Y,,A,01,0,1,0,0,0,0,0,0,0,"- ","- ",32.803421020507812,-115.44412231445312,IMPERIAL,UNINCORPORATED,-115.44404602050781,32.803321838378906
91418078,2021,2021-03-01,9625,2021-02-24,1232,018468,,3,1,9,1300,0,1,3,,2,055,"STATE ROUTE 115","EVAN HEWES HIGHWAY",118.00,N,N,A,-,Y,,,115,,,,,,,N,4,0,1,1,A,-,03,22350,,N,E,I,A,A,H,-,A,D,0,,,,,Y,,A,08,0,0,1,0,0,0,0,0,0,"- ","- ",32.775688171386719,-115.28601837158203,IMPERIAL,UNINCORPORATED,-115.28608703613281,32.775638580322266
91648190,2021,2021-12-09,9625,2021-12-03,1525,019668,,5,2,9,1300,0,1,3,,2,053,"SR-111 S/B","CHICK ROAD",2008.00,S,N,A,-,Y,,,111,,,,,,S,Y,3,0,1,2,A,-,03,22350,,N,C,C,A,A,H,-,A,D,0,,,,,Y,,A,01,0,1,0,0,0,0,0,0,0,"- ","- ",32.761310577392578,-115.50093841552734,IMPERIAL,UNINCORPORATED,-115.50087738037109,32.761310577392578
9414176,2021,2022-03-16,1301,2021-12-11,1924,910,BRAWL,6,5,3,1301,0,0,0,,0,0B2,"RT 78","HOVLEY RD",0.00,E,-,A,-,Y,IMP,11,78,-,R,12.150,H,-,E,Y,4,0,1,1,A,-,08,22107,,N,E,I,A,A,H,-,D,D,0,,,,,Y,,A,01,0,0,1,0,0,0,0,0,0,"- ","- ",33.002708435058594,-115.53890228271484,IMPERIAL,BRAWLEY,-115.53881072998047,33.002780914306641
91551482,2021,2021-08-23,9625,2021-08-12,1730,018792,,4,2,9,1300,0,1,3,,1,012,"SR-86 N/B","SUNRISE DR.",0.00,,Y,A,-,Y,,,86,,,,,,N,Y,3,0,2,2,A,-,09,21803,A,N,D,C,A,A,H,-,A,A,0,,,,,Y,,A,01,0,2,0,0,0,0,0,0,0,"- ","- ",33.289360046386719,-115.97164916992188,IMPERIAL,UNINCORPORATED,-115.97167205810547,33.289344787597656
91592786,2021,2021-10-11,9625,2021-10-06,0545,022010,,3,3,9,1300,0,3,5,,2,040,"DREW ROAD",SR-98,2640.00,N,N,A,-,N,,,,,,,,,,Y,4,0,1,2,A,-,09,21801,A,N,D,C,A,A,H,-,B,D,0,,,,,Y,,A,01,0,0,1,0,0,0,0,0,0,"- ","- ",32.684589385986328,-115.67424011230469,IMPERIAL,UNINCORPORATED,-115.67424774169922,32.684158325195312
91628232,2021,2021-11-18,9625,2021-11-12,1300,019225,,5,1,9,1300,0,1,3,,1,054,"SR-111 N/B","HEBER ROAD",2640.00,N,N,A,-,Y,,,111,,,,,,N,N,4,0,1,2,A,-,03,22350,,N,C,C,A,A,H,-,A,D,0,,,,,Y,,A,07,0,0,1,0,0,0,0,0,0,"- ","- ",32.737720489501953,-115.50044250488281,IMPERIAL,UNINCORPORATED,-115.50054931640625,32.737716674804688
91458030,2021,2021-04-26,9625,2021-04-18,1415,018792,,7,2,9,1300,0,1,1,,2,005,"I-8 E/B",SR-115,6864.00,E,N,A,-,Y,,,8,,,,,,E,Y,3,0,2,2,A,-,08,22107,,N,C,C,A,A,H,-,A,D,0,,,,,Y,,A,01,0,1,1,0,0,0,0,0,0,"- ","- ",32.763900756835938,-115.26640319824219,IMPERIAL,UNINCORPORATED,-115.26640319824219,32.763885498046875
91705714,2021,2022-02-22,9625,2021-12-09,0501,021107,,4,3,9,1300,0,1,1,,2,003,"INTERSTATE 8 E/B","4TH STREET",572.00,W,N,A,-,Y,,,,,,,,,,Y,1,1,0,1,A,-,08,22107,,N,E,8,A,A,H,-,D,D,0,,,,,Y,,D,22,0,0,0,0,0,0,0,0,0,"- ","- ",32.773651123046875,-115.55429077148438,IMPERIAL,UNINCORPORATED,-115.55397796630859,32.773712158203125
91393381,2021,2021-01-25,9625,2021-01-18,1040,016248,,1,1,9,1300,0,1,1,,2,005,"E/B I-8 TO N/B SR-111",SR-111,41.00,E,N,A,-,Y,,,8,,,,R,,,Y,2,0,1,1,A,-,03,22350,,N,F,A,A,A,H,-,A,D,0,,,,Y,Y,,G,26,1,0,0,0,0,0,0,0,0,"- ","- ",32.772941589355469,-115.50096130371094,IMPERIAL,UNINCORPORATED,-115.50096130371094,32.772941589355469
91519379,2021,2021-07-13,9625,2021-06-05,1518,019667,,6,2,9,1300,0,1,3,,1,042,"STATE ROUTE 98","DREW ROAD",355.00,E,N,A,-,Y,,,98,,,,,,,Y,1,1,1,1,A,-,08,22107,,N,E,I,A,A,H,-,A,D,0,,,,,Y,,A,07,1,0,0,0,0,0,0,0,0,"- ","- ",32.679069519042969,-115.67095947265625,IMPERIAL,UNINCORPORATED,-115.67097473144531,32.679130554199219
91399525,2021,2021-02-01,9625,2021-01-25,0043,021107,,1,3,9,1300,0,3,5,,2,010,"SOUTH MARINA DRIVE","SEA CREST PLACE",10.00,E,N,B,-,N,,,,,,,,,,Y,3,0,1,1,A,-,01,23152,A,N,F,A,A,A,H,-,D,D,0,,,,,Y,Y,A,01,0,1,0,0,0,0,0,0,0,"- ","- ",33.311969757080078,-115.94512176513672,IMPERIAL,UNINCORPORATED,-115.94523620605469,33.311847686767578
91574329,2021,2021-09-20,9625,2021-09-11,1250,018978,,6,1,9,1300,0,1,3,,2,053,"SR-111 N/B","MCCABE ROAD",150.00,N,N,A,-,Y,,,111,,,,,,N,Y,2,0,1,1,A,-,08,22107,,N,F,A,A,A,H,-,A,D,0,,,,,Y,,A,07,1,0,0,0,0,0,0,0,0,"- ","- ",32.753921508789062,-115.50086975097656,IMPERIAL,UNINCORPORATED,-115.50077819824219,32.753921508789062
91395081,2021,2021-01-27,9625,2021-01-21,0932,017075,,4,1,9,1300,0,3,5,,2,010,"BRANDT ROAD","WILKINSON ROAD",1833.00,N,N,A,-,N,,,,,,,,,,Y,4,0,1,1,A,-,08,22107,,N,F,A,A,A,H,-,A,D,0,,,,,Y,,A,01,0,0,1,0,0,0,0,0,0,"- ","- ",33.144611358642578,-115.56259918212891,IMPERIAL,UNINCORPORATED,-115.56259918212891,33.145271301269531
91511381,2021,2021-07-01,9625,2021-06-25,0618,016248,,5,1,9,1300,0,3,5,,2,050,"OLD HIGHWAY 111","KEYSTONE ROAD",0.00,,Y,A,-,N,,,,,,,,,,Y,4,0,2,2,A,-,12,22450,A,N,D,C,A,A,H,-,A,A,0,,,,,Y,,A,01,0,0,2,0,0,0,0,0,0,"- ","- ",32.912639617919922,-115.51022338867188,IMPERIAL,UNINCORPORATED,-115.50896453857422,32.912666320800781
91525848,2021,2021-07-21,9625,2021-07-14,0450,021107,,3,3,9,1300,0,1,1,,2,002,"INTERSTATE 8 WESTBOUND","MOUNTAIN SPRINGS ROAD",2376.00,E,N,A,-,Y,,,8,,,,,,W,Y,4,0,1,1,A,-,08,22107,,N,E,I,A,A,H,-,D,D,0,,,,,Y,,A,01,0,0,1,0,0,0,0,0,0,"- ","- ",32.681529998779297,-116.09219360351562,IMPERIAL,UNINCORPORATED,-116.09214782714844,32.681480407714844
91643839,2021,2021-12-06,9625,2021-11-29,1908,018933,,1,2,9,1300,0,2,4,,2,046,"DOGWOOD ROAD","WORTHINGTON ROAD",0.00,,Y,A,-,N,,,,,,,,,,Y,3,0,1,2,D,-,00,,,N,D,C,A,A,H,-,C,A,0,,,,,Y,,-,"- ",0,1,0,0,0,0,0,0,0,"- ","- ",32.847389221191406,-115.53575897216797,IMPERIAL,UNINCORPORATED,-115.53569030761719,32.847370147705078
91449325,2021,2021-04-13,9625,2021-04-04,2330,019582,,7,3,9,1300,0,1,3,,1,012,"OPEN DESERT AREA","DOLPHIN DR.",172.00,W,N,A,-,N,,,,,,,,,,Y,2,0,1,1,A,-,08,38314,,N,F,A,A,A,H,-,D,D,0,,,,,Y,,D,22,1,0,0,0,0,0,0,0,0,"- ","- ",33.3226318359375,-115.96676635742188,IMPERIAL,UNINCORPORATED,,
91535533,2021,2021-08-03,9620,2021-06-10,1440,014306,,4,2,9,1300,0,1,3,,1,063,SR-78,"MITCHELLS CAMP RD.",1056.00,W,N,A,-,Y,,,,,,,,,,Y,1,2,1,3,A,-,05,21460,A,N,B,C,A,A,H,-,A,D,0,,,,Y,Y,,A,07,0,1,0,0,0,0,0,0,0,"- ","- ",33.319709777832031,-114.73361968994141,IMPERIAL,UNINCORPORATED,-114.73243713378906,33.321933746337891
9338898,2021,2021-11-09,1304,2021-09-16,1838,363,EWES,4,5,4,1304,0,0,0,,0,WEST,FIELDVIEW,"EIGTH ST",0.00,,Y,A,-,N,,,,,,,,,,Y,3,0,1,2,A,-,01,23153,B,F,D,C,A,A,H,-,A,A,0,,,,,Y,Y,A,01,0,1,0,0,0,0,0,0,0,"- ","- ",32.761329650878906,-115.5611572265625,IMPERIAL,"EL CENTRO",,
91406078,2021,2021-02-10,9625,2021-01-29,1215,017727,,5,1,9,1300,0,1,3,,1,021,SR-111,"BAUGHMAN ROAD",210.00,N,N,A,-,Y,,,111,,,,,,,Y,4,0,1,2,A,-,03,22350,,N,C,C,A,A,H,-,A,D,0,,,,,Y,,A,07,0,0,1,0,0,0,0,0,0,"- ","- ",33.03070068359375,-115.52690124511719,IMPERIAL,UNINCORPORATED,-115.52687835693359,33.03070068359375
91581931,2021,2021-09-28,9625,2021-09-26,1050,020996,,7,1,9,1300,0,1,3,,1,054,"SR-111 N/B","EVAN HEWES HIGHWAY",2640.00,S,N,B,-,N,,,111,,,,,,N,N,4,0,1,2,A,-,07,21658,A,N,B,C,A,A,H,-,A,D,0,,,,,Y,,A,07,0,0,1,0,0,0,0,0,0,"- ","- ",32.793769836425781,-115.50051116943359,IMPERIAL,UNINCORPORATED,-115.50065612792969,32.793769836425781
9354773,2021,2021-11-03,1304,2021-09-03,1807,368,E1,5,5,4,1304,0,0,0,,0,EAST,"DOGWOOD RD","ROSS AV",826.00,S,N,A,-,N,,,,,,,,,,Y,3,0,1,3,A,-,01,23153,B,N,-,C,A,A,H,-,B,A,0,,,,,Y,Y,-,,0,1,0,0,0,0,0,0,0,"- ","- ",,,IMPERIAL,"EL CENTRO",-115.53533172607422,32.779232025146484
9422120,2021,2022-05-02,1304,2021-07-10,1908,345,,6,5,4,1304,0,0,0,,0,EAST,"6TH ST","MAIN ST",0.00,,Y,A,-,N,,,,,,,,,,Y,4,0,1,1,A,-,08,22107,,N,A,I,A,A,H,-,A,A,0,,,,,Y,,A,01,0,0,1,0,0,0,0,0,0,"- ","- ",32.792888641357422,-115.55690765380859,IMPERIAL,"EL CENTRO",-115.55696105957031,32.792823791503906
9287565,2021,2021-07-20,1304,2021-07-08,1708,327,,4,5,4,1304,0,0,0,,0,EAST,"8TH ST","HOLT DR",112.00,S,N,A,-,N,,,,,,,,,,N,4,0,1,2,A,-,11,21950,B,M,G,B,D,A,H,-,A,D,0,Y,,,,Y,,N,60,0,0,1,0,1,0,0,0,0,"- ","- ",,,IMPERIAL,"EL CENTRO",-115.56136322021484,32.787483215332031
91593021,2021,2021-10-11,9625,2021-10-08,1935,018468,,5,2,9,1300,0,2,4,,2,046,"DOGWOOD ROAD","COLE ROAD",11.00,N,N,B,-,N,,,,,,,,,,Y,4,0,2,2,A,-,03,22350,,N,C,C,A,A,H,-,D,D,0,,,,,Y,,A,01,0,0,2,0,0,0,0,0,0,"- ","- ",32.694068908691406,-115.53397369384766,IMPERIAL,UNINCORPORATED,-115.53398132324219,32.69403076171875
91569911,2021,2021-09-14,9625,2021-09-04,1105,018368,,6,1,9,1300,0,2,4,,2,046,"DOGWOOD ROAD","COLE ROAD",0.00,,Y,A,-,N,,,,,,,,,,Y,4,0,1,2,A,-,09,21801,A,N,D,C,A,A,H,-,A,D,0,,,,,Y,,A,07,0,0,1,0,0,0,0,0,0,"- ","- ",32.693931579589844,-115.53378295898438,IMPERIAL,UNINCORPORATED,-115.53398132324219,32.694004058837891
91583565,2021,2021-09-30,9620,2021-09-25,0540,018979,Quech,6,3,9,1300,0,1,1,,2,082,"I-8 E/B","WINTERHAVEN DRIVE",2640.00,W,N,A,-,Y,,,8,,,,,,E,Y,4,0,1,1,A,-,08,22107,,N,F,A,A,A,H,-,D,D,0,,,,,Y,,A,01,0,0,1,0,0,0,0,0,0,"- ","- ",32.737239837646484,-114.65898132324219,IMPERIAL,UNINCORPORATED,-114.65898132324219,32.737125396728516
9222225,2021,2021-04-02,1304,2021-02-05,0748,326,,5,5,4,1304,0,0,0,,0,EAST,"ADAMS AV",6TH,0.00,,Y,A,-,Y,IMP,11,86,-,L,7.770,I,5,S,Y,4,0,1,2,A,-,12,21453,A,N,-,C,A,A,H,-,A,A,0,,,,,Y,,-,,0,0,1,0,0,0,0,0,0,"- ","- ",,,IMPERIAL,"EL CENTRO",-115.55709838867188,32.796558380126953
91409429,2021,2021-02-16,9625,2021-02-09,2151,021107,,2,2,9,1300,0,1,3,,2,023,"STATE ROUTE 115","YOCUM ROAD",400.00,N,N,A,-,Y,,,115,,,,,,,Y,2,0,2,1,A,-,01,23152,A,N,F,A,A,A,H,-,D,D,0,,,,,Y,Y,A,07,2,0,0,0,0,0,0,0,0,"- ","- ",33.112239837646484,-115.44976043701172,IMPERIAL,UNINCORPORATED,-115.44972991943359,33.112239837646484
91434478,2021,2021-03-24,9625,2021-03-22,1325,018468,,1,1,9,1300,0,1,3,,1,044,"STATE ROUTE 86 S/B","AUSTIN ROAD",1043.00,S,N,A,-,Y,,,86,,,,,,S,Y,3,0,1,1,C,-,18,,,N,E,I,A,A,H,-,A,D,0,,,,,Y,,-,"- ",0,1,0,0,0,0,0,0,0,"- ","- ",32.948719024658203,-115.56976318359375,IMPERIAL,UNINCORPORATED,-115.56964111328125,32.948646545410156
91598961,2021,2021-10-18,9625,2021-07-30,2040,018792,,5,2,9,1300,0,1,3,,2,024,SR-78,"WHITLOCK ROAD",4541.00,E,N,A,-,Y,,,,,,,,,,Y,1,2,5,3,A,-,05,21650,,N,B,C,A,A,H,-,D,D,0,,,,Y,Y,,A,01,2,3,0,0,0,0,0,0,0,"- ","- ",32.970508575439453,-115.57021331787109,IMPERIAL,UNINCORPORATED,-115.28261566162109,32.970512390136719
91612020,2021,2021-11-01,9625,2021-10-21,1315,017727,,4,1,9,1300,0,1,3,,2,013,SR-78,SR-86,0.00,,Y,A,-,N,,,78,,,,,,,Y,4,0,1,2,A,-,09,21802,A,N,D,C,A,A,H,-,A,A,0,,,,,Y,,A,07,0,0,1,0,0,0,0,0,0,"- ","- ",33.125759124755859,-115.85543060302734,IMPERIAL,UNINCORPORATED,-115.85543060302734,33.125778198242188
91531097,2021,2021-07-28,9620,2021-07-21,0216,020054,,3,3,9,1300,0,1,1,,2,081,"W/B I-8","OGILBY ROAD",4752.00,W,N,A,-,Y,,,8,,,,,,,Y,2,0,2,1,A,-,08,22107,,N,E,I,A,A,H,-,D,D,0,,,,,Y,,A,01,1,1,0,0,0,0,0,0,0,"- ","- ",32.758071899414062,-114.85202789306641,IMPERIAL,UNINCORPORATED,-114.85201263427734,32.758014678955078
91525922,2021,2021-07-21,9625,2021-07-15,1555,019667,,4,2,9,1300,0,3,5,,2,050,"ROSS ROAD","CANON ROAD",0.00,,Y,A,-,N,,,,,,,,,,N,3,0,2,3,A,-,09,21802,B,N,D,C,A,A,H,-,A,A,0,,,,,Y,,A,01,0,2,0,0,0,0,0,0,0,"- ","- ",32.781509399414062,-115.50955963134766,IMPERIAL,UNINCORPORATED,-115.509521484375,32.781501770019531
91573517,2021,2021-09-17,9625,2021-09-12,1833,018468,,7,2,9,1300,0,1,1,,2,001,"INTERSTATE 8 (E/B)","MOUNTAIN SPRINGS ROAD",1219.00,W,N,A,-,Y,,,8,,,,,,,Y,2,0,1,1,A,-,03,22350,,N,F,A,A,A,H,-,A,D,0,,,,Y,Y,,G,25,1,0,0,0,0,0,0,0,0,"- ","- ",32.676609039306641,-116.10603332519531,IMPERIAL,UNINCORPORATED,-116.10599517822266,32.676582336425781
9240221,2021,2021-04-28,1304,2021-04-03,0905,E0014,EPTRL,6,5,4,1304,0,0,0,,0,WEST,"IMPERIAL AV","PICO RD",0.00,,Y,A,-,Y,IMP,11,86,-,-,7.930,I,5,S,Y,3,0,1,1,A,-,01,23152,G,N,E,I,A,A,H,-,A,A,0,,,,,Y,Y,A,01,0,1,0,0,0,0,0,0,0,"- ","- ",,,IMPERIAL,"EL CENTRO",-115.56989288330078,32.805660247802734
91409408,2021,2021-02-16,9625,2021-02-05,2130,017727,,5,2,9,1300,0,3,5,,2,020,"MACFADDEN ROAD","REEVES ROAD",25.00,E,N,A,-,N,,,,,,,,,,Y,3,0,2,1,A,-,08,22107,,N,F,J,A,A,H,-,D,D,0,,,,,Y,,D,22,0,2,0,0,0,0,0,0,0,"- ","- ",33.089698791503906,-115.54470062255859,IMPERIAL,UNINCORPORATED,-115.54470062255859,33.089530944824219
91487898,2021,2021-06-02,9625,2021-05-24,0655,019886,,1,1,9,1300,0,1,3,,1,044,"SR-86 N/B","CAREY ROAD",0.00,,Y,A,-,Y,,,86,,,,,,N,Y,4,0,1,2,A,-,08,22107,,N,B,C,A,A,H,-,A,D,0,,,,Y,Y,,A,01,0,0,1,0,0,0,0,0,0,"- ","- ",32.927101135253906,-115.57000732421875,IMPERIAL,UNINCORPORATED,-115.57003784179688,32.927101135253906
91513902,2021,2021-08-11,9625,2021-06-26,1601,018468,,6,2,9,1300,0,1,3,,2,023,"STATE ROUTE 115","ALBRIGHT ROAD",0.00,,Y,A,-,Y,,,115,,,,,,,Y,1,1,1,2,A,-,01,23152,A,N,D,C,A,A,H,-,A,A,0,,,,,Y,Y,A,01,1,0,0,0,0,0,0,0,0,"- ","- ",33.103981018066406,-115.44967651367188,IMPERIAL,UNINCORPORATED,-115.44966125488281,33.103981018066406