CASE_ID,ACCIDENT_YEAR,PROC_DATE,JURIS,COLLISION_DATE,COLLISION_TIME,OFFICER_ID,REPORTING_DISTRICT,DAY_OF_WEEK,CHP_SHIFT,POPULATION,CNTY_CITY_LOC,SPECIAL_COND,BEAT_TYPE,CHP_BEAT_TYPE,CITY_DIVISION_LAPD,CHP_BEAT_CLASS,BEAT_NUMBER,PRIMARY_RD,SECONDARY_RD,DISTANCE,DIRECTION,INTERSECTION,WEATHER_1,WEATHER_2,STATE_HWY_IND,CALTRANS_COUNTY,CALTRANS_DISTRICT,STATE_ROUTE,ROUTE_SUFFIX,POSTMILE_PREFIX,POSTMILE,LOCATION_TYPE,RAMP_INTERSECTION,SIDE_OF_HWY,TOW_AWAY,COLLISION_SEVERITY,NUMBER_KILLED,NUMBER_INJURED,PARTY_COUNT,PRIMARY_COLL_FACTOR,PCF_CODE_OF_VIOL,PCF_VIOL_CATEGORY,PCF_VIOLATION,PCF_VIOL_SUBSECTION,HIT_AND_RUN,TYPE_OF_COLLISION,MVIW,PED_ACTION,ROAD_SURFACE,ROAD_COND_1,ROAD_COND_2,LIGHTING,CONTROL_DEVICE,CHP_ROAD_TYPE,PEDESTRIAN_ACCIDENT,BICYCLE_ACCIDENT,MOTORCYCLE_ACCIDENT,TRUCK_ACCIDENT,NOT_PRIVATE_PROPERTY,ALCOHOL_INVOLVED,STWD_VEHTYPE_AT_FAULT,CHP_VEHTYPE_AT_FAULT,COUNT_SEVERE_INJ,COUNT_VISIBLE_INJ,COUNT_COMPLAINT_PAIN,COUNT_PED_KILLED,COUNT_PED_INJURED,COUNT_BICYCLIST_KILLED,COUNT_BICYCLIST_INJURED,COUNT_MC_KILLED,COUNT_MC_INJURED,PRIMARY_RAMP,SECONDARY_RAMP,LATITUDE,LONGITUDE,COUNTY,CITY,POINT_X,POINT_Y
91530042,2021,2021-07-27,9625,2021-07-15,0440,020111,,4,3,9,1300,0,2,4,,2,057,SR-115,"MILLER ROAD",3195.00,W,N,A,-,Y,,,115,,,,,,,Y,3,0,1,2,A,-,03,22350,,M,C,C,A,A,H,-,D,D,0,,,,Y,Y,,-,33,0,1,0,0,0,0,0,0,0,"- ","- ",32.793350219726562,-115.31076812744141,IMPERIAL,UNINCORPORATED,-115.31081390380859,32.793289184570312
91535197,2021,2021-08-02,9625,2021-07-23,2205,021107,,5,3,9,1300,0,1,3,,1,022,"STATE ROUTE 111","HOWELL ROAD",3485.00,S,N,A,-,Y,,,111,,,,,,,Y,2,0,1,1,A,-,08,22107,,N,F,A,A,A,H,-,D,D,0,,,,,Y,,A,07,1,0,0,0,0,0,0,0,0,"- ","- ",33.299209594726562,-115.59020233154297,IMPERIAL,UNINCORPORATED,-115.59024810791016,33.299175262451172
91580161,2021,2021-09-27,9625,2021-09-17,1520,019225,,5,2,9,1300,0,2,4,,2,046,"DOGWOOD ROAD","NECKEL ROAD",5.00,S,N,A,-,N,,,,,,,,,,Y,4,0,1,2,A,-,09,21801,A,N,E,I,A,A,H,-,A,D,0,,,,,Y,,A,01,0,0,1,0,0,0,0,0,0,"- ","- ",32.861778259277344,-115.53565216064453,IMPERIAL,UNINCORPORATED,-115.53559112548828,32.861766815185547
9287413,2021,2021-07-23,1304,2021-06-23,1503,E0187,EAST,3,5,4,1304,0,0,0,,0,EAST,"4TH ST",COMMERCIAL,0.00,,Y,A,-,Y,IMP,11,86,-,L,7.453,I,5,N,Y,4,0,1,2,A,-,09,21804,A,N,D,C,A,A,H,-,A,D,0,,,,,Y,,D,22,0,0,1,0,0,0,0,0,0,"- ","- ",32.794990539550781,-115.55256652832031,IMPERIAL,"EL CENTRO",-115.55264282226562,32.795013427734375
91533733,2021,2021-07-30,9625,2021-07-20,1425,019668,,2,2,9,1300,0,2,4,,2,045,"EVAN HEWES HIGHWAY","FORRESTER ROAD",1531.00,E,N,A,-,N,,,,,,,,,,N,3,0,1,2,A,-,03,22350,,N,C,C,A,A,H,-,A,D,0,,,,,Y,,A,01,0,1,0,0,0,0,0,0,0,"- ","- ",32.79656982421875,-115.61576080322266,IMPERIAL,UNINCORPORATED,-115.60840606689453,32.801010131835938
9377727,2021,2022-01-19,1304,2021-12-21,2030,359,,2,5,4,1304,0,0,0,,0,EAST,"DOGWOOD RD","DANENBERG DR",0.00,S,N,A,-,N,,,,,,,,,,Y,3,0,1,2,A,-,01,23152,A,N,C,C,A,A,H,-,D,A,0,,,,Y,Y,Y,A,01,0,1,0,0,0,0,0,0,0,"- ","- ",,,IMPERIAL,"EL CENTRO",-115.53514862060547,32.766921997070312
91482885,2021,2021-05-27,9625,2021-05-03,1153,018468,,1,1,9,1300,0,1,3,,2,052,"STATE ROUTE 98","HOLDRIDGE ROAD",8478.00,E,N,A,-,Y,,,98,,,,,,,Y,1,1,2,2,A,-,05,21650,,N,A,C,A,A,H,-,A,D,0,,,,,Y,,A,07,1,1,0,0,0,0,0,0,0,"- ","- ",32.711799621582031,-115.24935150146484,IMPERIAL,UNINCORPORATED,-115.24935150146484,32.711814880371094
91530047,2021,2021-07-27,9625,2021-07-16,1705,019668,,5,2,9,1300,0,1,3,,1,012,"SR-86 SOUTHBOUND","SUNRISE DRIVE",0.00,,Y,A,-,Y,,,86,,,,,,S,Y,3,0,2,2,A,-,09,21802,A,N,D,C,A,A,H,-,A,A,0,,,,,Y,,D,22,0,2,0,0,0,0,0,0,0,"- ","- ",33.289180755615234,-115.97174835205078,IMPERIAL,UNINCORPORATED,-115.97184753417969,33.289104461669922
91647498,2021,2021-12-09,9625,2021-11-26,1218,019582,,5,1,9,1300,0,3,5,,2,040,"WHEELER ROAD","HUFF ROAD",18480.00,W,N,A,-,N,,,,,,,,,,Y,2,0,4,2,A,-,01,23152,A,N,D,C,A,A,H,-,A,D,0,,,,,Y,Y,D,22,1,2,1,0,0,0,0,0,0,"- ","- ",32.893718719482422,-115.78131103515625,IMPERIAL,UNINCORPORATED,-115.74817657470703,32.870559692382812
91562203,2021,2021-09-03,9625,2021-08-24,0352,020263,,2,3,9,1300,0,1,3,,2,014,"SR-78 W/B","BRANDT ROAD",0.00,,Y,A,-,Y,,,78,,,,,,W,Y,2,0,1,2,A,-,01,23152,A,N,D,D,A,A,H,-,C,A,0,,,,,Y,Y,A,07,1,0,0,0,0,0,0,0,0,"- ","- ",33.000408172607422,-115.56143951416016,IMPERIAL,UNINCORPORATED,-115.56143951416016,33.000335693359375
91566618,2021,2021-09-09,9625,2021-08-31,0500,022010,,2,3,9,1300,0,1,3,,2,024,SR-78,"OSBORNE PARK ROAD",2006.00,E,N,C,-,Y,,,78,,,,,,,Y,3,0,1,1,A,-,08,22107,,N,F,A,A,B,H,-,D,D,0,,,,,Y,,A,01,0,1,0,0,0,0,0,0,0,"- ","- ",32.987110137939453,-115.12982177734375,IMPERIAL,UNINCORPORATED,-115.12983703613281,32.987197875976562
9429191,2021,2022-04-08,1304,2021-07-31,2039,332,,6,5,4,1304,0,0,0,,0,EAST,"MAIN ST",MCCULLOM,888.00,E,N,A,-,N,,,,,,,,,,N,2,0,1,2,A,-,05,21651,B,F,D,G,A,A,H,-,C,D,0,,Y,,,Y,Y,L,04,1,0,0,0,0,0,1,0,0,"- ","- ",,,IMPERIAL,"EL CENTRO",-115.53470611572266,32.792819976806641
91455064,2021,2021-04-21,9625,2021-04-19,1955,019225,,1,2,9,1300,0,2,4,,2,057,SR-115,"EVAN HEWES HIGHWAY",0.00,,Y,A,-,N,,,115,,,,,,,Y,4,0,1,2,A,-,09,21802,A,N,D,C,A,A,H,-,C,A,0,,,,,Y,,D,22,0,0,1,0,0,0,0,0,0,"- ","- ",32.805751800537109,-115.40611267089844,IMPERIAL,UNINCORPORATED,-115.40612030029297,32.805751800537109
91557035,2021,2021-08-27,9625,2021-08-24,1120,018468,,2,1,9,1300,0,1,3,,1,054,"STATE ROUTE 111 (N/B)","EVAN HEWES HIGHWAY",100.00,S,N,A,-,Y,,,111,,,,,,,Y,4,0,1,3,A,-,03,22350,,N,C,C,A,A,H,-,A,A,0,,,,,Y,,D,22,0,0,1,0,0,0,0,0,0,"- ","- ",32.799350738525391,-115.50045776367188,IMPERIAL,UNINCORPORATED,-115.50062561035156,32.799373626708984
91829870,2021,2022-08-02,9625,2021-03-02,0614,018136,,2,1,9,1300,0,1,3,,2,056,"STATE ROUTE 115","NORRISH ROAD",0.00,,Y,A,-,Y,,,115,,,,,,,Y,1,13,13,2,A,-,01,23152,F,N,D,C,A,A,H,-,A,A,0,,,,Y,Y,,A,07,10,3,0,0,0,0,0,0,0,"- ","- ",32.832759857177734,-115.40611267089844,IMPERIAL,UNINCORPORATED,-115.40616607666016,32.832759857177734
91524345,2021,2021-07-20,9625,2021-07-10,1050,018930,,6,1,9,1300,0,3,5,,2,050,"HEBER ROAD","ANDERHOLT ROAD",2640.00,E,N,A,-,N,,,,,,,,,,Y,2,0,4,1,A,-,08,22107,,N,F,A,A,A,H,-,A,D,0,,,,,Y,,A,01,1,3,0,0,0,0,0,0,0,"- ","- ",32.730251312255859,-115.40509033203125,IMPERIAL,UNINCORPORATED,-115.40525054931641,32.730377197265625
91406747,2021,2021-02-11,9625,2021-02-03,0818,018468,,3,1,9,1300,0,1,3,,1,012,"STATE ROUTE 86 (S/B)","NORM NIVER ROAD",0.00,,Y,A,-,Y,,,86,,,,,,,Y,4,0,3,2,A,-,09,21802,A,N,D,C,A,A,H,-,A,A,0,,,,,Y,,E,22,0,0,3,0,0,0,0,0,0,"- ","- ",33.357631683349609,-116.01872253417969,IMPERIAL,UNINCORPORATED,-116.01889038085938,33.357578277587891
9364375,2021,2021-12-16,1304,2021-11-08,1410,350,,1,5,4,1304,0,0,0,,0,,"N IMPERIAL","BARBARA WORTH",0.00,,Y,A,-,N,,,,,,,,,,Y,4,0,1,1,A,-,08,22107,,N,-,J,A,A,H,-,A,A,0,,,,,Y,,-,,0,0,1,0,0,0,0,0,0,"- ","- ",,,IMPERIAL,"EL CENTRO",-115.5699462890625,32.794631958007812
9299981,2021,2021-09-03,1301,2021-05-19,1411,912,BRAWL,3,5,3,1301,0,0,0,,0,002,"RT 86",MALAN,0.00,,Y,A,-,Y,IMP,11,86,-,-,20.068,I,5,N,Y,4,0,1,3,A,-,12,21453,A,N,D,C,A,A,H,-,A,A,0,,,,,Y,,A,01,0,0,1,0,0,0,0,0,0,"- ","- ",,,IMPERIAL,BRAWLEY,-115.54371643066406,32.971279144287109
91457020,2021,2021-04-23,9625,2021-04-16,0836,018978,,5,1,9,1300,0,1,1,,2,003,"INTERSTATE 8 E/B","WESTSIDE ROAD",4348.00,W,N,B,-,Y,,,8,,,,,,E,Y,4,0,1,1,A,-,08,22107,,N,E,I,A,A,H,-,A,D,0,,,,,Y,,A,01,0,0,1,0,0,0,0,0,0,"- ","- ",32.773021697998047,-115.74748992919922,IMPERIAL,UNINCORPORATED,-115.74748992919922,32.773052215576172
91607976,2021,2021-10-27,9625,2021-10-21,1828,020263,,4,2,9,1300,0,3,5,,2,040,"ROSS ROAD","FORRESTER ROAD",851.00,E,N,A,-,N,,,,,,,,,,N,3,0,1,2,A,-,03,22350,,N,C,C,A,A,H,-,D,D,0,,,,,Y,,A,07,0,1,0,0,0,0,0,0,0,"- ","- ",32.781509399414062,-115.61781311035156,IMPERIAL,UNINCORPORATED,-115.61788940429688,32.781429290771484
9256103,2021,2023-06-20,1304,2021-01-11,1817,355,ELCE,1,5,4,1304,0,0,0,,0,WEST,"LA BRUCHERIE",EUCLID,87.00,N,N,A,-,N,,,,,,,,,,Y,1,1,0,2,A,-,11,21954,A,N,G,B,D,A,H,-,E,D,0,Y,,,,Y,,N,60,0,0,0,1,0,0,0,0,0,"- ","- ",,,IMPERIAL,"EL CENTRO",-115.57868194580078,32.798618316650391
91415130,2021,2021-02-25,9625,2021-02-22,0128,021107,,1,3,9,1300,0,2,4,,2,047,"FORRESTER ROAD","KEYSTONE ROAD",3272.00,N,N,A,-,N,,,,,,,,,,Y,3,0,1,1,A,-,01,23152,A,N,E,I,A,A,H,-,D,D,0,,,,,Y,Y,A,07,0,1,0,0,0,0,0,0,0,"- ","- ",32.922611236572266,-115.62132263183594,IMPERIAL,UNINCORPORATED,-115.62134552001953,32.922641754150391
91430195,2021,2021-03-18,9625,2021-03-13,1705,019667,,6,2,9,1300,0,1,3,,1,044,"SR-86 N/B","AUSTIN ROAD",4195.00,N,N,A,-,Y,,,86,,,,,,N,Y,4,0,1,1,A,-,08,22107,,N,E,I,A,A,H,-,B,D,0,,,,,Y,,A,01,0,0,1,0,0,0,0,0,0,"- ","- ",32.955238342285156,-115.55493927001953,IMPERIAL,UNINCORPORATED,-115.55498504638672,32.955352783203125
91478911,2021,2021-05-21,9625,2021-05-12,1240,017727,,3,1,9,1300,0,1,1,,2,001,"I-8 E/B","IN KO PAH PARK ROAD",1495.00,E,N,A,-,Y,,,,,,,,,,Y,3,0,1,1,A,-,08,22107,,N,F,A,A,A,H,-,A,D,0,,,,,Y,,A,01,0,1,0,0,0,0,0,0,0,"- ","- ",32.636398315429688,-116.10469818115234,IMPERIAL,UNINCORPORATED,-116.10919189453125,32.640029907226562
9265962,2021,2021-05-27,1306,2021-04-10,1245,1775,OWSVR,6,5,2,1306,0,0,0,,0,906,"POLELINE RD","COUNTY DUMP RD",0.00,,Y,A,-,N,,,,,,,,,,N,3,0,1,1,A,-,08,38314,,N,H,A,A,A,H,-,A,D,0,,,Y,,Y,,C,06,0,1,0,0,0,0,0,0,1,"- ","- ",,,IMPERIAL,IMPERIAL,,
91463525,2021,2021-04-30,9625,2021-04-27,1635,021107,,2,2,9,1300,0,2,4,,2,046,"DOGWOOD ROAD","SCHARTZ ROAD",0.00,,Y,A,-,N,,,,,,,,,,Y,4,0,1,2,A,-,05,21752,D,N,D,C,A,A,H,-,A,D,0,,,,,Y,,A,07,0,0,1,0,0,0,0,0,0,"- ","- ",32.941761016845703,-115.53555297851562,IMPERIAL,UNINCORPORATED,-115.53553771972656,32.941791534423828
91470926,2021,2021-05-12,9625,2021-05-03,1215,017727,,1,1,9,1300,0,3,5,,2,050,"ORCHARD ROAD",I-8,3326.00,N,N,A,-,N,,,,,,,,,,Y,3,0,2,2,A,-,03,22350,,N,D,C,A,A,H,-,A,D,0,,,,,Y,,A,01,0,2,0,0,0,0,0,0,0,"- ","- ",32.782501220703125,-115.38379669189453,IMPERIAL,UNINCORPORATED,-115.38369750976562,32.773418426513672
91562671,2021,2021-09-06,9625,2021-09-02,1605,018933,,4,2,9,1300,0,2,4,,2,045,"EVAN HEWES HWY","FORRESTER ROAD",1379.00,W,N,A,-,Y,,,,,,,,,,Y,3,0,1,2,A,-,06,21750,A,N,D,C,A,A,H,-,A,D,0,,,,,Y,,A,01,0,1,0,0,0,0,0,0,0,"- ","- ",32.796630859375,-115.6253662109375,IMPERIAL,UNINCORPORATED,-115.61180877685547,32.804050445556641
91418007,2021,2021-03-01,9625,2021-02-21,2500,020738,,7,4,9,1300,0,1,1,,2,001,"I-8 EASTBOUND","MOUNTAIN SPRINGS ROAD",15840.00,E,N,A,-,Y,,,8,,,,,,E,N,2,0,1,1,A,-,21,22106,,F,H,A,A,A,H,-,D,D,0,,,,,Y,,D,23,1,0,0,0,0,0,0,0,0,"- ","- ",32.693138122558594,-116.06385040283203,IMPERIAL,UNINCORPORATED,-116.06391143798828,32.693141937255859
91641997,2021,2021-12-03,9625,2021-11-24,1620,019668,,3,2,9,1300,0,1,3,,1,044,"SR-86 N/B","KEYSTONE ROAD",0.00,,Y,A,-,Y,,,86,,,,,,N,N,3,0,2,2,A,-,12,21453,A,N,D,C,A,A,H,-,A,A,0,,,,Y,Y,,A,01,0,2,0,0,0,0,0,0,0,"- ","- ",32.912570953369141,-115.56999206542969,IMPERIAL,UNINCORPORATED,-115.57006072998047,32.912563323974609
9364374,2021,2021-12-30,1304,2021-11-03,0209,358,,3,5,4,1304,0,0,0,,0,EAST,MAIN,"MAIN ST 600 BLK",0.00,,N,A,-,N,,,,,,,,,,Y,3,0,1,1,A,-,01,23152,A,N,B,I,A,A,H,-,C,D,0,,,,,Y,Y,-,,0,1,0,0,0,0,0,0,0,"- ","- ",32.792858123779297,-115.55796051025391,IMPERIAL,"EL CENTRO",-115.55251312255859,32.792823791503906
91382858,2021,2021-01-06,9625,2021-01-04,1853,018468,,1,2,9,1300,0,1,3,,1,044,"STATE ROUTE 86 (N/B)","AUSTIN ROAD",0.00,,Y,A,-,Y,,,86,,,,,,,Y,4,0,1,1,A,-,08,22107,,N,E,I,A,A,H,-,D,D,0,,,,,Y,,A,07,0,0,1,0,0,0,0,0,0,"- ","- ",32.95037841796875,-115.56693267822266,IMPERIAL,UNINCORPORATED,-115.56694793701172,32.950428009033203
91447421,2021,2021-04-09,9625,2021-03-31,1243,018930,,3,1,9,1300,0,3,5,,2,040,"CORRELL ROAD","DOGWOOD ROAD",500.00,W,N,A,-,N,,,,,,,,,,Y,4,0,1,3,A,-,08,22107,,N,C,C,A,A,H,-,A,D,0,,,,,Y,,A,01,0,0,1,0,0,0,0,0,0,"- ","- ",32.737800598144531,-115.53600311279297,IMPERIAL,UNINCORPORATED,-115.53459167480469,32.737918853759766
91518858,2021,2021-07-13,9625,2021-06-30,0805,017727,,3,1,9,1300,0,3,5,,2,010,"BRAWLEY AVE",SR-86,10.00,E,N,A,-,N,,,,,,,,,,N,4,0,1,2,A,-,03,22350,,N,C,C,A,A,H,-,A,A,0,,,,,Y,,A,01,0,0,1,0,0,0,0,0,0,"- ","- ",33.374500274658203,-116.02549743652344,IMPERIAL,UNINCORPORATED,-116.02590942382812,33.374370574951172
91393888,2021,2021-01-25,9625,2021-01-21,1530,018468,,4,2,9,1300,0,3,5,,2,020,"RUTHERFORD ROAD","BEST ROAD",364.00,E,N,A,-,N,,,,,,,,,,Y,3,0,1,1,A,-,08,22107,,N,E,I,A,A,H,-,A,D,0,,,,,Y,,A,01,0,1,0,0,0,0,0,0,0,"- ","- ",33.044448852539062,-115.50877380371094,IMPERIAL,UNINCORPORATED,-115.50808715820312,33.044498443603516
91402503,2021,2021-02-04,9625,2021-01-28,1611,019582,,4,2,9,1300,0,1,3,,1,042,SR-98,"WEED ROAD",0.00,,Y,A,-,Y,,,98,,,,,,,Y,2,0,4,2,A,-,09,21801,A,N,A,C,A,A,H,-,A,D,0,,,,,Y,,A,01,1,2,1,0,0,0,0,0,0,"- ","- ",32.6793212890625,-115.568359375,IMPERIAL,UNINCORPORATED,-115.568359375,32.679359436035156
91439528,2021,2021-03-30,9625,2021-03-23,0650,018930,,2,1,9,1300,0,3,5,,2,050,"HEBER ROAD","YOURMAN ROAD",0.00,,Y,A,-,N,,,,,,,,,,Y,4,0,1,2,A,-,09,21801,A,N,D,C,A,A,H,-,A,D,0,,,,,Y,,D,22,0,0,1,0,0,0,0,0,0,"- ","- ",32.730800628662109,-115.49600219726562,IMPERIAL,UNINCORPORATED,-115.49834442138672,32.730678558349609
91541761,2021,2021-08-10,9625,2021-03-15,1620,021107,,1,2,9,1300,0,1,3,,1,012,"STATE ROUTE 86 NORTHBOUND","NORTH MARINA DRIVE",2014.00,N,N,F,G,Y,,,86,,,,,,N,Y,1,1,1,3,A,-,03,22350,,N,G,B,E,A,H,-,A,D,0,Y,,,,Y,,D,22,0,1,0,1,0,0,0,0,0,"- ","- ",33.3077392578125,-115.98535919189453,IMPERIAL,UNINCORPORATED,-115.98532867431641,33.307765960693359
91404268,2021,2021-02-08,9620,2021-01-27,0445,018028,,3,3,9,1300,0,1,1,,2,081,"INTERSTATE 8 E/B","OGILBY RD.",1541.00,W,N,A,-,Y,,,8,,,,,,E,Y,1,1,0,1,A,-,08,22107,,N,F,A,A,A,H,-,D,D,0,,,,,Y,,A,07,0,0,0,0,0,0,0,0,0,"- ","- ",32.760280609130859,-114.84188079833984,IMPERIAL,UNINCORPORATED,-114.84188842773438,32.760334014892578
91428990,2021,2021-03-17,9625,2021-03-06,2220,020263,,6,3,9,1300,0,3,5,,2,040,"GUILLETT ROAD","ATEN ROAD",0.00,,Y,A,-,N,,,,,,,,,,Y,2,0,1,1,A,-,01,23152,A,N,F,A,A,A,H,-,D,D,0,,,,,Y,Y,A,01,1,0,0,0,0,0,0,0,0,"- ","- ",32.825481414794922,-115.63784027099609,IMPERIAL,UNINCORPORATED,-115.63787841796875,32.825572967529297
91502068,2021,2021-06-21,9625,2021-06-12,2120,018792,,6,2,9,1300,0,1,3,,1,021,SR-111,"DAVIS ROAD",74.00,S,N,A,-,Y,,,111,,,,,,,Y,3,0,4,1,A,-,08,22107,,N,E,8,A,A,H,-,D,D,0,,,,,Y,,A,07,0,4,0,0,0,0,0,0,0,"- ","- ",33.2843017578125,-115.5789794921875,IMPERIAL,UNINCORPORATED,-115.57852172851562,33.284671783447266
91508935,2021,2021-06-29,9625,2021-06-20,2055,019225,,7,2,9,1300,0,1,3,,1,054,"SR-111 N/B","EVAN HEWES HIGHWAY",300.00,S,N,A,-,Y,,,111,,,,,,N,Y,4,0,2,2,A,-,07,21658,A,N,B,C,A,A,H,-,D,A,0,,,,,Y,,A,01,0,0,2,0,0,0,0,0,0,"- ","- ",32.799221038818359,-115.50044250488281,IMPERIAL,UNINCORPORATED,-115.50062561035156,32.799221038818359
91441996,2021,2021-04-02,9625,2021-03-24,0044,018978,,3,3,9,1300,0,1,3,,1,011,"STATE ROUTE 86 S/B","BARTH ROAD",100.00,S,N,A,-,Y,,,86,,,,,,S,Y,3,0,1,1,A,-,08,22107,,N,F,A,A,A,H,-,D,D,0,,,,Y,Y,,G,25,0,1,0,0,0,0,0,0,0,"- ","- ",33.089290618896484,-115.76857757568359,IMPERIAL,UNINCORPORATED,-115.76861572265625,33.089221954345703
91494019,2021,2021-06-10,9625,2021-06-02,1620,019667,,3,2,9,1300,0,1,1,,2,003,"EASTBOUND INTERSTATE 8","WESTSIDE ROAD",2400.00,W,N,A,-,Y,,,8,,,,,,,N,2,0,3,1,A,-,08,22107,,N,F,I,A,A,H,-,A,D,0,,,,,Y,,E,22,1,1,1,0,0,0,0,0,0,"- ","- ",32.773891448974609,-115.74105834960938,IMPERIAL,UNINCORPORATED,-115.74105834960938,32.773906707763672
91596135,2021,2021-10-14,9625,2021-10-02,2355,018930,,6,3,9,1300,0,1,3,,1,011,"SR-86 N/B","ALLEN ROAD",8976.00,N,N,A,-,Y,,,86,,,,,,N,N,4,0,1,2,A,-,03,22350,,N,C,C,A,A,H,-,D,D,0,,,,,Y,,D,22,0,0,1,0,0,0,0,0,0,"- ","- ",33.104358673095703,-115.80465698242188,IMPERIAL,UNINCORPORATED,-115.80466461181641,33.104335784912109
91708107,2021,2022-03-07,9625,2021-06-26,1930,018792,,6,2,9,1300,0,2,4,,2,047,"ATEN ROAD","FORRESTER ROAD",0.00,,Y,A,-,N,,,,,,,,,,Y,1,1,6,2,A,-,12,22450,A,N,D,C,A,A,H,-,A,A,0,,,,,Y,,J,48,3,3,0,0,0,0,0,0,0,"- ","- ",32.825481414794922,-115.62074279785156,IMPERIAL,UNINCORPORATED,-115.61183166503906,32.810840606689453
91513742,2021,2021-07-06,9625,2021-06-25,1605,019225,,5,2,9,1300,0,3,5,,2,050,"MENVIELLE ROAD","CARR ROAD",675.00,N,N,A,-,N,,,,,,,,,,Y,3,0,2,2,A,-,05,21651,B,N,A,C,A,A,D,-,A,A,0,,,,,Y,,A,07,0,1,1,0,0,0,0,0,0,"- ","- ",32.685039520263672,-115.38780212402344,IMPERIAL,UNINCORPORATED,-115.387451171875,32.685401916503906
91647845,2021,2021-12-09,9625,2021-10-30,1630,022010,,6,2,9,1300,0,3,5,,2,020,"GECKO ROAD",SR-78,317.00,S,N,A,-,N,,,,,,,,,,Y,4,0,3,2,A,-,03,22350,,F,D,C,A,A,H,-,A,D,0,,,Y,,Y,,C,06,0,0,3,0,0,0,0,0,0,"- ","- ",32.975269317626953,-115.17378234863281,IMPERIAL,UNINCORPORATED,-115.17389678955078,32.975406646728516
9338535,2021,2021-10-08,1304,2021-09-01,1422,333,EEAS,3,5,4,1304,0,0,0,,0,EAST,"4TH ST","RT 8",123.00,S,N,A,-,Y,IMP,11,8,-,R,38.140,R,4,E,Y,3,0,1,4,A,-,03,22350,,N,C,C,A,A,H,-,A,A,0,,,,,Y,,A,01,0,1,0,0,0,0,0,0,0,"- ","- ",,,IMPERIAL,"EL CENTRO",-115.54935455322266,32.773685455322266
9373450,2021,2022-01-12,1304,2021-11-19,0841,341,EAST,5,5,4,1304,0,0,0,,0,EAST,ADAMS,6TH,0.00,,Y,A,-,N,,,,,,,,,,Y,4,0,1,2,D,-,00,,,N,D,C,A,A,H,-,A,A,0,,,,,Y,,-,"- ",0,0,1,0,0,0,0,0,0,"- ","- ",,,IMPERIAL,"EL CENTRO",-115.55708312988281,32.796531677246094
91537635,2021,2021-08-05,9625,2021-08-02,1700,019668,,1,2,9,1300,0,1,3,,2,053,"SR-111 S/B","HEBER ROAD",446.00,S,N,A,-,Y,,,111,,,,,,S,Y,2,0,1,2,A,-,03,22350,,N,C,C,A,A,A,-,A,D,0,,,Y,,Y,,C,02,1,0,0,0,0,0,0,0,1,"- ","- ",32.729408264160156,-115.50057220458984,IMPERIAL,UNINCORPORATED,-115.50038909912109,32.729412078857422
9312059,2021,2021-09-02,1301,2021-07-06,0521,9A2,BRAWL,2,5,3,1301,0,0,0,,0,004,"RT 111","N BEST AV",0.00,E,N,A,-,Y,IMP,11,78,-,R,14.190,H,-,W,Y,3,0,1,1,A,-,08,22107,,N,F,I,A,A,H,-,C,D,0,,,,,Y,,A,01,0,1,0,0,0,0,0,0,0,"- ","- ",32.997188568115234,-115.50538635253906,IMPERIAL,BRAWLEY,-115.50588226318359,32.997543334960938