CASE_ID,ACCIDENT_YEAR,PROC_DATE,JURIS,COLLISION_DATE,COLLISION_TIME,OFFICER_ID,REPORTING_DISTRICT,DAY_OF_WEEK,CHP_SHIFT,POPULATION,CNTY_CITY_LOC,SPECIAL_COND,BEAT_TYPE,CHP_BEAT_TYPE,CITY_DIVISION_LAPD,CHP_BEAT_CLASS,BEAT_NUMBER,PRIMARY_RD,SECONDARY_RD,DISTANCE,DIRECTION,INTERSECTION,WEATHER_1,WEATHER_2,STATE_HWY_IND,CALTRANS_COUNTY,CALTRANS_DISTRICT,STATE_ROUTE,ROUTE_SUFFIX,POSTMILE_PREFIX,POSTMILE,LOCATION_TYPE,RAMP_INTERSECTION,SIDE_OF_HWY,TOW_AWAY,COLLISION_SEVERITY,NUMBER_KILLED,NUMBER_INJURED,PARTY_COUNT,PRIMARY_COLL_FACTOR,PCF_CODE_OF_VIOL,PCF_VIOL_CATEGORY,PCF_VIOLATION,PCF_VIOL_SUBSECTION,HIT_AND_RUN,TYPE_OF_COLLISION,MVIW,PED_ACTION,ROAD_SURFACE,ROAD_COND_1,ROAD_COND_2,LIGHTING,CONTROL_DEVICE,CHP_ROAD_TYPE,PEDESTRIAN_ACCIDENT,BICYCLE_ACCIDENT,MOTORCYCLE_ACCIDENT,TRUCK_ACCIDENT,NOT_PRIVATE_PROPERTY,ALCOHOL_INVOLVED,STWD_VEHTYPE_AT_FAULT,CHP_VEHTYPE_AT_FAULT,COUNT_SEVERE_INJ,COUNT_VISIBLE_INJ,COUNT_COMPLAINT_PAIN,COUNT_PED_KILLED,COUNT_PED_INJURED,COUNT_BICYCLIST_KILLED,COUNT_BICYCLIST_INJURED,COUNT_MC_KILLED,COUNT_MC_INJURED,PRIMARY_RAMP,SECONDARY_RAMP,LATITUDE,LONGITUDE,COUNTY,CITY,POINT_X,POINT_Y
91507569,2021,2021-06-28,9625,2021-06-17,1300,018930,,4,1,9,1300,0,1,1,,2,005,"INTERSTATE 8 E/B","DOGWOOD ROAD",4204.00,E,N,A,-,Y,,,8,,,,,,E,Y,4,0,2,2,A,-,08,22107,,N,C,C,A,A,H,-,A,D,0,,,,,Y,,D,22,0,0,2,0,0,0,0,0,0,"- ","- ",32.773899078369141,-115.51962280273438,IMPERIAL,UNINCORPORATED,-115.51962280273438,32.773731231689453
91535191,2021,2021-08-02,9625,2021-07-22,0127,021107,,4,3,9,1300,0,1,1,,2,003,"INTERSTATE 8 EASTBOUND","LA BRUCHERIE ROAD",330.00,E,N,A,-,Y,,,8,,,,,,E,N,4,0,1,2,A,-,08,22107,,F,E,8,A,A,H,-,C,D,0,,,,,Y,,-,99,0,0,1,0,0,0,0,0,0,"- ","- ",32.773738861083984,-115.57711029052734,IMPERIAL,UNINCORPORATED,-115.57711029052734,32.7738037109375
9301793,2021,2021-09-20,1304,2021-06-17,2101,368,E1,4,5,4,1304,0,0,0,,0,EAST,"RT 86","DESERT GARDENS",146.00,S,N,A,-,Y,IMP,11,86,-,-,6.470,H,-,S,N,1,1,0,2,A,-,11,21954,A,N,G,B,D,A,H,-,C,D,0,Y,,,,Y,Y,N,60,0,0,0,1,0,0,0,0,0,"- ","- ",,,IMPERIAL,"EL CENTRO",-115.55242156982422,32.780536651611328
91606282,2021,2021-10-26,9625,2021-10-17,2230,020516,,7,3,9,1300,0,1,3,,1,012,"SR-86 S/B",SR-78,11458.00,N,N,A,G,Y,,,86,,,,,,S,Y,3,0,1,1,A,-,08,22107,,N,E,8,A,A,H,-,D,D,0,,,,,Y,,A,01,0,1,0,0,0,0,0,0,0,"- ","- ",33.155269622802734,-115.86827850341797,IMPERIAL,UNINCORPORATED,-115.86820220947266,33.155307769775391
91449710,2021,2021-04-13,9625,2021-04-06,1947,019225,,2,2,9,1300,0,1,3,,1,042,SR-98,"DOGWOOD ROAD",0.00,,Y,A,-,Y,,,98,,,,,,,Y,2,0,1,2,A,-,12,21453,A,N,D,C,A,A,H,-,C,A,0,,,,Y,Y,,A,01,1,0,0,0,0,0,0,0,0,"- ","- ",32.67926025390625,-115.53350067138672,IMPERIAL,UNINCORPORATED,-115.53350067138672,32.679241180419922
91483041,2021,2021-05-27,9625,2021-05-12,1724,018978,,3,2,9,1300,0,1,3,,1,011,"STATE ROUTE 86 S/B","STATE ROUTE 78",0.00,,Y,A,-,Y,,,86,,,,,,S,Y,3,0,1,2,A,-,09,21804,A,N,D,C,A,A,H,-,A,A,0,,,,,Y,,A,01,0,1,0,0,0,0,0,0,0,"- ","- ",33.125728607177734,-115.85547637939453,IMPERIAL,UNINCORPORATED,-115.85542297363281,33.125747680664062
91430434,2021,2021-03-18,9625,2021-03-10,1320,017727,,3,1,9,1300,0,1,3,,1,012,"SR-86 S/B","COOMBS DRIVE",2700.00,S,N,A,-,Y,,,86,,,,,,S,N,4,0,1,1,A,-,08,22107,,N,F,A,A,A,H,-,A,D,0,,,Y,,Y,,C,02,0,0,1,0,0,0,0,0,1,"- ","- ",33.31719970703125,-115.99269866943359,IMPERIAL,UNINCORPORATED,-115.99272155761719,33.317184448242188
91516202,2021,2021-07-08,9625,2021-06-29,0121,019582,,2,3,9,1300,0,1,3,,2,014,SR-78,SR-86,2640.00,E,N,A,-,Y,,,78,,,,,,,Y,3,0,1,2,A,-,03,22350,,N,C,C,A,A,H,-,D,D,0,,,,,Y,,A,07,0,1,0,0,0,0,0,0,0,"- ","- ",33.000370025634766,-115.58267974853516,IMPERIAL,UNINCORPORATED,-115.58267974853516,33.000358581542969
91423744,2021,2021-03-09,9625,2021-03-04,1905,019667,,4,2,9,1300,0,3,5,,2,040,"KEYSTONE ROAD","AUSTIN ROAD",2630.00,E,N,A,-,N,,,,,,,,,,Y,3,0,1,2,A,-,09,21804,A,N,D,C,A,A,H,-,D,D,0,,,,,Y,,D,22,0,1,0,0,0,0,0,0,0,"- ","- ",32.912620544433594,-115.58622741699219,IMPERIAL,UNINCORPORATED,-115.58638763427734,32.912540435791016
91648822,2021,2021-12-10,9625,2021-12-03,1715,020263,,5,2,9,1300,0,3,5,,2,020,"E. WIRT ROAD","HASTAIN ROAD",7920.00,W,N,A,-,N,,,,,,,,,,Y,2,0,1,1,A,-,08,22107,,N,F,A,A,A,H,-,D,D,0,,,,,Y,,A,07,1,0,0,0,0,0,0,0,0,"- ","- ",33.125659942626953,-115.42771148681641,IMPERIAL,UNINCORPORATED,-115.44124603271484,33.125724792480469
91456956,2021,2021-04-23,9625,2021-04-16,0330,019668,,5,3,9,1300,0,2,4,,2,047,"FORRESTER ROAD","HACKLEMAN ROAD",2497.00,S,N,A,-,N,,,,,,,,,,Y,4,0,1,1,A,-,01,23152,A,N,F,A,A,A,H,-,D,D,0,,,,,Y,Y,A,07,0,0,1,0,0,0,0,0,0,"- ","- ",32.805118560791016,-115.62039184570312,IMPERIAL,UNINCORPORATED,-115.62071990966797,32.804275512695312
91540737,2021,2021-09-17,9625,2021-07-28,0810,017727,,3,1,9,1300,0,1,3,,1,054,"SR-111 S/B","KEYSTONE ROAD",3813.00,N,N,A,-,Y,,,111,,,,,,S,Y,4,0,2,2,A,-,08,22107,,N,B,E,A,A,H,-,A,D,0,,,,Y,Y,,G,25,0,0,2,0,0,0,0,0,0,"- ","- ",32.923099517822266,-115.50930023193359,IMPERIAL,UNINCORPORATED,-115.50912475585938,32.923099517822266
91417909,2021,2021-03-01,9625,2021-01-26,1018,016248,,2,1,9,1300,0,1,3,,1,054,"SR-111 N/B","SCHARTZ ROAD",0.00,,Y,A,-,Y,,,111,,,,,,N,Y,1,1,1,2,A,-,09,21802,A,N,D,C,A,A,H,-,A,A,0,,,,Y,Y,,A,01,0,0,1,0,0,0,0,0,0,"- ","- ",32.941768646240234,-115.50895690917969,IMPERIAL,UNINCORPORATED,-115.50911712646484,32.941768646240234
9218310,2021,2021-03-13,1304,2021-01-21,1206,358,,4,5,4,1304,0,0,0,,0,WEST,"LA BRUCHERIE",ROSS,36.00,N,N,A,-,N,,,,,,,,,,Y,4,0,1,2,A,-,12,21453,A,N,D,C,A,A,H,-,A,A,0,,,,,Y,,-,,0,0,1,0,0,0,0,0,0,"- ","- ",,,IMPERIAL,"EL CENTRO",-115.57848358154297,32.781566619873047
91426437,2021,2021-03-12,9625,2021-03-08,0640,016248,,1,1,9,1300,0,2,4,,2,057,"EVAN HEWES HIGHWAY E/B","BOWKER ROAD",0.00,,Y,A,-,N,,,,,,,,,,Y,3,0,1,2,A,-,09,21802,A,N,D,C,A,A,H,-,A,A,0,,,,,Y,,D,22,0,1,0,0,0,0,0,0,0,"- ","- ",32.803218841552734,-115.47377777099609,IMPERIAL,UNINCORPORATED,-115.47378540039062,32.803390502929688
91516880,2021,2021-07-09,9625,2021-06-30,2048,018792,,3,2,9,1300,0,3,5,,2,020,"ALBRIGHT ROAD","FLEMING ROAD",1690.00,E,N,A,-,N,,,,,,,,,,Y,3,0,1,1,A,-,08,22107,,N,F,A,A,A,H,-,D,D,0,,,,,Y,,D,22,0,1,0,0,0,0,0,0,0,"- ","- ",33.103988647460938,-115.40099334716797,IMPERIAL,UNINCORPORATED,-115.4010009765625,33.103973388671875
91589341,2021,2021-10-06,9625,2021-09-28,0758,016248,,2,1,9,1300,0,3,5,,2,050,"ZENOS ROAD",SR-115,2678.00,E,N,A,-,N,,,,,,,,,,Y,4,0,2,2,A,-,05,21650,,N,A,C,A,A,H,-,A,D,0,,,,,Y,,A,01,0,0,2,0,0,0,0,0,0,"- ","- ",32.812679290771484,-115.39665222167969,IMPERIAL,UNINCORPORATED,-115.39763641357422,32.812644958496094
91423963,2021,2021-03-10,9620,2021-03-02,1355,017837,Quech,2,1,9,1300,0,1,1,,2,082,"I-8 W/B","SEMINOLE ROAD",5808.00,E,N,A,-,Y,,,8,,,,,,W,Y,2,0,1,1,A,-,08,22107,,N,F,A,A,A,H,-,A,D,0,,,,,Y,,A,07,1,0,0,0,0,0,0,0,0,"- ","- ",32.742580413818359,-114.68672943115234,IMPERIAL,UNINCORPORATED,-114.686767578125,32.742500305175781
91429557,2021,2021-03-17,9620,2021-03-10,1400,020054,,3,2,9,1300,0,1,1,,2,081,"W/B I -8","GORDONS WELL ROAD",5280.00,W,N,A,-,Y,,,8,,,,,,,Y,3,0,1,1,A,-,08,22107,,N,F,A,A,A,H,-,A,D,0,,,,,Y,,D,22,0,1,0,0,0,0,0,0,0,"- ","- ",32.708518981933594,-114.97464752197266,IMPERIAL,UNINCORPORATED,-114.97464752197266,32.70843505859375
91413878,2021,2021-02-23,9625,2021-02-17,0530,019225,,3,3,9,1300,0,1,3,,1,021,SR-111,"RUTHERFORD ROAD",0.00,,Y,A,-,Y,,,111,,,,,,,Y,4,0,1,2,A,-,09,21802,A,N,D,C,A,A,H,-,A,A,0,,,,,Y,,D,22,0,0,1,0,0,0,0,0,0,"- ","- ",33.044528961181641,-115.52739715576172,IMPERIAL,UNINCORPORATED,-115.52733612060547,33.044525146484375
91535858,2021,2021-08-03,9625,2021-07-25,0229,021107,,7,3,9,1300,0,1,3,,1,044,"STATE ROUTE 86 NORTHBOUND","AUSTIN ROAD",2482.00,N,N,A,-,Y,,,86,,,,,,N,N,2,0,1,2,A,-,11,21954,A,N,G,B,E,A,H,-,D,D,0,Y,,,,Y,Y,N,60,1,0,0,0,1,0,0,0,0,"- ","- ",32.953330993652344,-115.55966186523438,IMPERIAL,UNINCORPORATED,-115.5596923828125,32.953414916992188
9226099,2021,2021-03-24,1304,2021-02-17,1452,358,,3,5,4,1304,0,0,0,,0,EAST,BROADWAY,"7TH ST",14.00,E,N,A,-,N,,,,,,,,,,Y,4,0,1,2,A,-,09,21802,A,N,D,C,A,A,H,-,A,A,0,,,,,Y,,-,,0,0,1,0,0,0,0,0,0,"- ","- ",,,IMPERIAL,"EL CENTRO",-115.55906677246094,32.793869018554688
91546221,2021,2021-08-16,9620,2021-08-07,1835,018535,,6,2,9,1300,0,2,4,,1,061,"S-34 (OGILBY ROAD)","INDIAN PASS ROAD",12144.00,S,N,A,G,N,,,,,,,,,,Y,2,0,1,2,A,-,08,22107,,N,E,I,A,A,H,-,B,D,0,,,,,Y,,A,01,1,0,0,0,0,0,0,0,0,"- ","- ",32.928020477294922,-114.8424072265625,IMPERIAL,UNINCORPORATED,,
91575419,2021,2021-09-21,9625,2021-09-14,0947,018368,,2,1,9,1300,0,1,3,,1,044,"SR-86 S/B","AUSTIN RD",3284.00,N,N,A,-,N,,,86,,,,,,S,N,4,0,2,2,A,-,03,22350,,N,C,C,A,A,H,-,A,D,0,,,,,Y,,A,01,0,0,2,0,0,0,0,0,0,"- ","- ",32.954299926757812,-115.55780029296875,IMPERIAL,UNINCORPORATED,-115.55776214599609,32.954212188720703
91627568,2021,2021-11-17,9625,2021-11-06,0135,020996,,6,3,9,1300,0,1,3,,1,021,SR-111,"RUTHERFORD ROAD",62.00,N,N,A,-,Y,,,111,,,,,,,Y,2,0,1,1,A,-,01,23152,A,N,F,C,A,A,H,-,D,D,0,,,,,Y,Y,A,07,1,0,0,0,0,0,0,0,0,"- ","- ",33.044998168945312,-115.52729797363281,IMPERIAL,UNINCORPORATED,-115.52728271484375,33.044998168945312
9356348,2021,2021-11-04,1304,2021-10-17,1128,350,,7,5,4,1304,0,0,0,,0,EAST,"8TH ST",HAMILTON,0.00,,Y,A,-,N,,,,,,,,,,Y,3,0,1,2,A,-,09,21803,A,N,D,C,A,A,H,-,A,A,0,,,,,Y,,A,07,0,1,0,0,0,0,0,0,0,"- ","- ",,,IMPERIAL,"EL CENTRO",-115.56134033203125,32.785831451416016
91447487,2021,2021-04-09,9625,2021-03-30,0730,017727,,2,1,9,1300,0,3,5,,2,020,"HASTAIN ROAD","RUTHERFORD ROAD",0.00,,Y,A,-,N,,,,,,,,,,Y,3,0,2,2,A,-,12,22450,A,N,D,C,A,A,H,-,A,A,0,,,,,Y,,D,22,0,2,0,0,0,0,0,0,0,"- ","- ",33.044498443603516,-115.41500091552734,IMPERIAL,UNINCORPORATED,-115.41504669189453,33.044509887695312
91561521,2021,2021-09-02,9620,2021-08-24,0815,019953,Quech,2,1,9,1300,0,1,3,,1,062,"STATE ROUTE 186","ANRADE PORT OF ENTRY",3168.00,N,N,A,-,Y,,,,,,,,,,N,4,0,1,2,A,-,11,21954,A,F,G,B,D,A,H,-,A,D,0,Y,,,,Y,Y,N,60,0,0,1,0,1,0,0,0,0,"- ","- ",,,IMPERIAL,UNINCORPORATED,,
9315954,2021,2021-09-22,1301,2021-08-06,1639,907,BRAWL,5,5,3,1301,0,0,0,,0,0B3,"CESAR CHAVEZ","B ST",0.00,,Y,A,-,N,,,,,,,,,,Y,4,0,1,2,A,-,12,22450,,N,D,C,A,A,H,-,A,A,0,,,,Y,Y,,F,25,0,0,1,0,0,0,0,0,0,"- ","- ",32.983051300048828,-115.52632904052734,IMPERIAL,BRAWLEY,-115.52635955810547,32.983047485351562
91503801,2021,2021-06-23,9625,2021-06-13,2025,018933,,7,2,9,1300,0,2,4,,2,047,"FORRESTER ROAD","ANDRE ROAD",2772.00,N,N,A,-,N,,,,,,,,,,Y,3,0,1,1,A,-,08,22107,,M,B,I,A,A,H,-,D,D,0,,,,,Y,,D,22,0,1,0,0,0,0,0,0,0,"- ","- ",33.023128509521484,-115.6219482421875,IMPERIAL,UNINCORPORATED,-115.62153625488281,33.023166656494141
91533589,2021,2021-07-30,9625,2021-07-20,1510,019225,,2,2,9,1300,0,1,3,,1,042,SR-98,"MOLITAR ROAD",12144.00,E,N,A,-,Y,,,98,,,,,,,Y,4,0,1,1,A,-,08,22107,,N,F,A,A,A,H,-,A,D,0,,,,,Y,,A,01,0,0,1,0,0,0,0,0,0,"- ","- ",32.701900482177734,-115.93235015869141,IMPERIAL,UNINCORPORATED,-115.93241119384766,32.701881408691406
9367147,2021,2021-12-09,1304,2021-11-18,0435,368,E1,4,5,4,1304,0,0,0,,0,WEST,"IMPERIAL AV","ADAMS AV",0.00,,Y,A,-,Y,IMP,11,86,-,L,8.525,I,5,N,Y,2,0,1,2,A,-,12,21453,A,N,D,C,A,A,H,-,C,A,0,,,,,Y,,-,,1,0,0,0,0,0,0,0,0,"- ","- ",,,IMPERIAL,"EL CENTRO",-115.56998443603516,32.796550750732422
91492347,2021,2021-06-08,9620,2021-04-17,2100,020555,,6,2,9,1300,0,1,1,,2,081,"I-8 W/B","GORDONS WELL ROAD",9504.00,W,N,A,-,Y,,,8,,,,,,W,Y,1,1,0,2,A,-,11,21954,A,N,G,B,D,A,H,-,D,D,0,Y,,,,Y,,N,60,0,0,0,1,0,0,0,0,0,"- ","- ",32.708160400390625,-114.98863983154297,IMPERIAL,UNINCORPORATED,-114.98863983154297,32.708148956298828
91507806,2021,2021-06-28,9625,2021-06-19,1235,016248,,6,1,9,1300,0,1,3,,1,051,"SR-7 S/B",SR-98,38.00,N,N,A,-,Y,,,7,,,,,,S,Y,4,0,3,2,A,-,03,22350,,N,C,C,A,A,H,-,A,A,0,,,,,Y,,A,01,0,0,3,0,0,0,0,0,0,"- ","- ",32.694000244140625,-115.379150390625,IMPERIAL,UNINCORPORATED,-115.37913513183594,32.694000244140625
91561054,2021,2021-09-02,9625,2021-08-24,0730,017727,,2,1,9,1300,0,1,3,,1,012,"SR-86 S/B","NORM NIVER ROAD",60.00,S,N,A,-,Y,,,86,,,,,,S,Y,2,0,1,1,A,-,08,22107,,N,E,8,A,A,H,-,A,D,0,,,,,Y,,A,01,1,0,0,0,0,0,0,0,0,"- ","- ",33.357200622558594,-116.018798828125,IMPERIAL,UNINCORPORATED,-116.01877593994141,33.357208251953125
91389518,2021,2021-01-18,9625,2021-01-13,2303,020738,,3,3,9,1300,0,1,3,,1,011,"SR-86 SOUTHBOUND","BANNISTER ROAD",1954.00,S,N,A,-,Y,,,86,,,,,,S,Y,3,0,1,1,A,-,08,22107,,N,E,I,A,A,H,-,D,D,0,,,,,Y,,A,01,0,1,0,0,0,0,0,0,0,"- ","- ",33.047588348388672,-115.71771240234375,IMPERIAL,UNINCORPORATED,-115.71768951416016,33.047607421875
91588231,2021,2021-10-05,9625,2021-09-28,2015,018468,,2,2,9,1300,0,1,1,,2,003,"INTERSTATE 8 (E/B)","DOGWOOD ROAD",237.00,W,N,A,-,Y,,,,,,,,,,Y,3,0,1,1,A,-,01,23152,A,M,E,I,A,A,H,-,C,D,0,,,,,Y,Y,A,01,0,1,0,0,0,0,0,0,0,"- ","- ",32.773818969726562,-115.53546905517578,IMPERIAL,UNINCORPORATED,-115.53694915771484,32.773689270019531
9234375,2021,2021-04-15,1304,2021-03-25,1557,360,EAST,4,5,4,1304,0,0,0,,0,EAST,5TH,OLIVE,0.00,,Y,A,-,N,,,,,,,,,,N,3,0,1,2,A,-,09,21802,A,N,D,C,A,A,H,-,A,A,0,,,,,Y,,A,01,0,1,0,0,0,0,0,0,0,"- ","- ",,,IMPERIAL,"EL CENTRO",-115.55471801757812,32.790752410888672
9349414,2021,2021-11-08,1304,2021-09-29,0730,368,E1,3,5,4,1304,0,0,0,,0,EAST,8TH,"DESERT GARDENS",0.00,,Y,A,-,N,,,,,,,,,,N,3,0,1,2,A,-,10,21950,A,F,G,B,D,A,H,-,A,A,0,Y,,,,Y,Y,A,01,0,1,0,0,1,0,0,0,0,"- ","- ",32.780948638916016,-115.56107330322266,IMPERIAL,"EL CENTRO",-115.56122589111328,32.780952453613281
9386544,2021,2022-01-07,1304,2021-12-17,1624,341,EEAST,5,5,4,1304,0,0,0,,0,EAST,SANDALWOOD,5TH,0.00,,Y,A,-,N,,,,,,,,,,N,4,0,1,2,A,-,12,22450,A,N,D,C,A,A,H,-,A,D,0,,,,,Y,Y,A,01,0,0,1,0,0,0,0,0,0,"- ","- ",,,IMPERIAL,"EL CENTRO",-115.55463409423828,32.782032012939453
9386688,2021,2022-01-13,1304,2021-12-20,0335,350,EPTRL,1,5,4,1304,0,0,0,,0,,"IMPERIAL AV","HAMILTON AV",0.00,,Y,A,-,N,,,,,,,,,,Y,3,0,1,1,A,-,01,23152,A,N,E,I,A,A,H,-,C,A,0,,,,,Y,Y,-,,0,1,0,0,0,0,0,0,0,"- ","- ",,,IMPERIAL,"EL CENTRO",-115.56977844238281,32.785667419433594
91406216,2021,2021-02-10,9625,2021-02-03,1635,019582,,3,2,9,1300,0,3,5,,2,010,S22,"CROSS OVER TRAIL RD.",1056.00,W,N,A,-,N,,,,,,,,,,Y,3,0,2,1,A,-,08,22107,,N,E,J,A,A,H,-,A,D,0,,,,,Y,,A,01,0,1,1,0,0,0,0,0,0,"- ","- ",33.266239166259766,-116.01876068115234,IMPERIAL,UNINCORPORATED,,
91576366,2021,2021-09-22,9620,2021-09-19,0700,019333,Quech,7,1,9,1300,0,2,4,,1,075,"WINTERHAVEN DRIVE","EASTBOUND INTERSTATE 8",401.00,S,N,A,-,N,,,,,,,,,,Y,4,0,1,1,A,-,08,22107,,N,E,I,A,A,H,-,A,D,0,,,,,Y,,A,01,0,0,1,0,0,0,0,0,0,"- ","- ",32.730548858642578,-114.62467956542969,IMPERIAL,UNINCORPORATED,-114.62455749511719,32.730606079101562
91617861,2021,2021-11-08,9620,2021-10-30,0245,021051,Quech,6,3,9,1300,0,2,4,,1,075,"S-24 (ROSS RD)","S-24 (PICACHO RD)",12.00,W,N,A,-,N,,,,,,,,,,N,3,0,1,1,A,-,01,23152,A,N,E,I,A,A,H,-,D,A,0,,,,,Y,Y,A,01,0,1,0,0,0,0,0,0,0,"- ","- ",38.819801330566406,-121.02760314941406,IMPERIAL,UNINCORPORATED,,
91647853,2021,2021-12-09,9625,2021-11-28,1400,018933,,7,2,9,1300,0,1,1,,2,004,"I-8 W/B","DUNAWAY ROAD",26242.00,W,N,A,-,Y,,,8,,,,,,W,Y,3,0,1,1,A,-,08,22107,,N,F,A,A,A,H,-,A,D,0,,,,,Y,,A,01,0,1,0,0,0,0,0,0,0,"- ","- ",32.754219055175781,-115.88414764404297,IMPERIAL,UNINCORPORATED,-115.88413238525391,32.754116058349609
91668843,2021,2022-01-03,9620,2021-12-24,0145,021051,,5,3,9,1300,0,1,1,,2,082,"I-8 W/B","4TH AVENUE",1056.00,E,N,B,C,Y,,,8,,,,,,W,Y,4,0,1,1,A,-,03,22350,,N,E,8,A,B,H,-,C,D,0,,,,Y,Y,,G,27,0,0,1,0,0,0,0,0,0,"- ","- ",32.729778289794922,-114.61981201171875,IMPERIAL,UNINCORPORATED,-114.61983489990234,32.729732513427734
91520369,2021,2021-07-14,9625,2021-07-04,0430,021107,,7,3,9,1300,0,1,3,,2,023,"DIRT ROAD N/O BOWLES ROAD","STATE ROUTE 115",37.00,E,N,A,-,N,,,,,,,,,,Y,3,0,1,1,A,-,08,22107,,N,E,I,A,A,H,-,D,D,0,,,,,Y,,D,22,0,1,0,0,0,0,0,0,0,"- ","- ",33.118549346923828,-115.44950866699219,IMPERIAL,UNINCORPORATED,,
91634723,2021,2021-11-24,9625,2021-11-11,0230,020738,,4,3,9,1300,0,3,5,,2,050,"PITZER ROAD","CHICK ROAD",0.00,,Y,A,-,N,,,,,,,,,,N,3,0,2,1,A,-,01,23152,A,N,E,I,A,A,H,-,D,D,0,,,,,Y,Y,A,01,0,2,0,0,0,0,0,0,0,"- ","- ",32.766910552978516,-115.5177001953125,IMPERIAL,UNINCORPORATED,-115.51802062988281,32.766921997070312
9265933,2021,2021-05-26,1304,2021-05-06,1152,358,,4,5,4,1304,0,0,0,,0,EAST,8TH,WAKE,780.00,N,N,A,-,N,,,,,,,,,,Y,3,0,2,3,A,-,03,22350,,N,-,C,A,A,H,-,A,D,0,,,,,Y,,A,07,0,2,0,0,0,0,0,0,0,"- ","- ",32.773269653320312,-115.56111907958984,IMPERIAL,"EL CENTRO",-115.56108856201172,32.772769927978516
9279850,2021,2021-08-24,1304,2021-06-07,1602,361,ELCE,1,5,4,1304,0,0,0,,0,EAST,"RT 86",6TH,0.00,,Y,A,-,Y,IMP,11,86,-,L,7.770,I,5,N,Y,3,0,2,2,A,-,12,21453,A,N,D,C,A,A,H,-,A,A,0,,,,,Y,,E,22,0,2,0,0,0,0,0,0,0,"- ","- ",,,IMPERIAL,"EL CENTRO",-115.55709838867188,32.796558380126953
9316305,2021,2021-09-22,1301,2021-08-10,0148,908,BRAWL,2,5,3,1301,0,0,0,,0,0B2,"MALAN ST","SOUTH IMPERIAL AV",125.00,E,N,A,-,N,,,,,,,,,,Y,2,0,2,1,D,-,00,,,N,E,I,A,A,H,-,D,D,0,,,,,Y,,-,"- ",1,0,1,0,0,0,0,0,0,"- ","- ",,,IMPERIAL,BRAWLEY,-115.53458404541016,32.970771789550781
91430500,2021,2021-03-18,9625,2021-03-09,1350,019667,,2,1,9,1300,0,1,3,,2,043,SR-86,"MCCABE ROAD",0.00,,Y,A,G,Y,,,86,,,,,,,Y,3,0,3,3,A,-,12,21453,A,N,D,D,A,A,H,-,A,A,0,,,,,Y,,A,01,0,2,1,0,0,0,0,0,0,"- ","- ",32.752590179443359,-115.55184936523438,IMPERIAL,UNINCORPORATED,-115.5518798828125,32.752590179443359
91535820,2021,2021-08-03,9625,2021-07-24,0530,021107,,6,3,9,1300,0,1,3,,2,024,"STATE ROUTE 78","OSBORNE PARK ROAD",1690.00,E,N,A,-,Y,,,78,,,,,,,Y,4,0,1,1,C,-,18,,,N,E,9,A,A,C,-,D,D,0,,,,,Y,,-,"- ",0,0,1,0,0,0,0,0,0,"- ","- ",32.987190246582031,-115.12960815429688,IMPERIAL,UNINCORPORATED,-115.12961578369141,32.987232208251953
91559813,2021,2021-08-31,9625,2021-08-27,1355,019668,,5,1,9,1300,0,1,1,,2,006,"I-8 W/B",SR-111,2832.00,W,N,A,-,Y,,,8,,,,,,W,Y,4,0,1,1,A,-,08,22107,,N,E,I,A,A,H,-,A,D,0,,,,,Y,,A,07,0,0,1,0,0,0,0,0,0,"- ","- ",32.774280548095703,-115.51109313964844,IMPERIAL,UNINCORPORATED,-115.51109313964844,32.773983001708984
91553101,2021,2021-08-24,9620,2021-08-21,1330,018535,,6,1,9,1300,0,3,5,,2,060,"RIVER RD","NEIGHBORS BLVD",1056.00,S,N,A,G,N,,,,,,,,,,Y,3,0,2,1,A,-,08,22107,,N,F,A,A,A,H,-,A,D,0,,,,,Y,,A,01,0,2,0,0,0,0,0,0,0,"- ","- ",33.415458679199219,-114.65769958496094,IMPERIAL,UNINCORPORATED,,