CASE_ID,ACCIDENT_YEAR,PROC_DATE,JURIS,COLLISION_DATE,COLLISION_TIME,OFFICER_ID,REPORTING_DISTRICT,DAY_OF_WEEK,CHP_SHIFT,POPULATION,CNTY_CITY_LOC,SPECIAL_COND,BEAT_TYPE,CHP_BEAT_TYPE,CITY_DIVISION_LAPD,CHP_BEAT_CLASS,BEAT_NUMBER,PRIMARY_RD,SECONDARY_RD,DISTANCE,DIRECTION,INTERSECTION,WEATHER_1,WEATHER_2,STATE_HWY_IND,CALTRANS_COUNTY,CALTRANS_DISTRICT,STATE_ROUTE,ROUTE_SUFFIX,POSTMILE_PREFIX,POSTMILE,LOCATION_TYPE,RAMP_INTERSECTION,SIDE_OF_HWY,TOW_AWAY,COLLISION_SEVERITY,NUMBER_KILLED,NUMBER_INJURED,PARTY_COUNT,PRIMARY_COLL_FACTOR,PCF_CODE_OF_VIOL,PCF_VIOL_CATEGORY,PCF_VIOLATION,PCF_VIOL_SUBSECTION,HIT_AND_RUN,TYPE_OF_COLLISION,MVIW,PED_ACTION,ROAD_SURFACE,ROAD_COND_1,ROAD_COND_2,LIGHTING,CONTROL_DEVICE,CHP_ROAD_TYPE,PEDESTRIAN_ACCIDENT,BICYCLE_ACCIDENT,MOTORCYCLE_ACCIDENT,TRUCK_ACCIDENT,NOT_PRIVATE_PROPERTY,ALCOHOL_INVOLVED,STWD_VEHTYPE_AT_FAULT,CHP_VEHTYPE_AT_FAULT,COUNT_SEVERE_INJ,COUNT_VISIBLE_INJ,COUNT_COMPLAINT_PAIN,COUNT_PED_KILLED,COUNT_PED_INJURED,COUNT_BICYCLIST_KILLED,COUNT_BICYCLIST_INJURED,COUNT_MC_KILLED,COUNT_MC_INJURED,PRIMARY_RAMP,SECONDARY_RAMP,LATITUDE,LONGITUDE,COUNTY,CITY,POINT_X,POINT_Y
91470581,2021,2021-05-11,9625,2021-04-29,0317,018978,,4,3,9,1300,0,1,3,,1,054,"STATE ROUTE 111 S/B","SCHARTZ ROAD",0.00,,Y,A,-,Y,,,111,,,,,,S,Y,2,0,1,2,A,-,09,21804,A,N,D,C,A,A,H,-,C,A,0,,,,,Y,,A,07,1,0,0,0,0,0,0,0,0,"- ","- ",32.941719055175781,-115.50965881347656,IMPERIAL,UNINCORPORATED,-115.50911712646484,32.941707611083984
91417755,2021,2021-03-01,9620,2021-02-20,0940,018535,,6,1,9,1300,0,1,3,,1,063,"SR-78 (BEN HULSE HIGHWAY)","STALLARD RD",7920.00,W,N,A,-,Y,,,78,,,,,,,Y,4,0,1,1,A,-,08,22107,,N,E,I,A,A,H,-,A,D,0,,,,,Y,,A,07,0,0,1,0,0,0,0,0,0,"- ","- ",33.338451385498047,-114.72406768798828,IMPERIAL,UNINCORPORATED,-114.72410583496094,33.338447570800781
91381344,2021,2021-01-05,9625,2021-01-01,0135,020263,,5,3,9,1300,0,2,4,,2,047,"FORRESTER ROAD","WORTHINGTON ROAD",0.00,,Y,A,-,N,,,,,,,,,,Y,3,0,3,2,A,-,01,23152,G,N,D,C,A,A,H,-,C,A,0,,,,,Y,Y,D,22,0,2,1,0,0,0,0,0,0,"- ","- ",32.847358703613281,-115.62074279785156,IMPERIAL,UNINCORPORATED,-115.62075805664062,32.847389221191406
91628265,2021,2021-11-18,9625,2021-11-12,2000,018933,,5,2,9,1300,0,3,5,,2,040,SR-86,"MCCABE ROAD",20.00,N,N,A,-,Y,,,86,,,,,,,N,4,0,1,2,A,-,03,22350,,N,C,C,A,A,H,-,C,A,0,,,,,Y,,A,01,0,0,1,0,0,0,0,0,0,"- ","- ",32.752540588378906,-115.55194854736328,IMPERIAL,UNINCORPORATED,-115.55187225341797,32.752540588378906
91634367,2021,2021-11-24,9625,2021-11-14,0343,018978,,7,3,9,1300,0,3,5,,2,050,"YOURMAN ROAD NORTH OF JASPER ROAD","JASPER ROAD",245.00,N,N,A,-,N,,,,,,,,,,Y,3,0,1,1,A,-,01,23152,A,N,F,A,A,A,H,-,D,A,0,,,,,Y,Y,D,22,0,1,0,0,0,0,0,0,0,"- ","- ",32.709480285644531,-115.49864196777344,IMPERIAL,UNINCORPORATED,-115.49863433837891,32.709407806396484
9256174,2021,2023-06-20,1301,2021-01-25,0133,917,BRAWL,1,5,3,1301,0,0,0,,0,001,"OLD HIGHWAY 111","OLD HWY 111",0.00,,N,A,-,N,,,,,,,,,,N,1,1,0,2,A,-,11,21954,A,N,G,B,D,A,H,-,D,D,0,Y,,,,Y,,N,60,0,0,0,1,0,0,0,0,0,"- ","- ",32.987701416015625,-115.52809906005859,IMPERIAL,BRAWLEY,,
9287569,2021,2021-07-27,1304,2021-07-08,1659,359,,4,5,4,1304,0,0,0,,0,,"4TH ST","SOUTHWIND DR",0.00,,Y,A,-,Y,IMP,11,86,-,-,6.053,I,5,S,N,3,0,1,2,A,-,05,21650,1,N,D,G,A,A,H,-,A,A,0,,Y,,,Y,,L,04,0,1,0,0,0,0,1,0,0,"- ","- ",,,IMPERIAL,"EL CENTRO",-115.55224609375,32.774467468261719
9315926,2021,2021-09-22,1301,2021-07-14,1222,906,BRAWL,3,5,3,1301,0,0,0,,0,0B2,PALM,E,0.00,,Y,A,-,N,,,,,,,,,,N,4,0,1,2,A,-,09,21800,,N,H,G,A,A,H,-,A,A,0,,Y,,,Y,,D,22,0,0,1,0,0,0,1,0,0,"- ","- ",,,IMPERIAL,BRAWLEY,-115.52204132080078,32.979770660400391
91653957,2021,2021-12-16,9625,2021-12-07,1425,018792,,2,2,9,1300,0,1,3,,1,012,"SR-86 N/B","NORM NIVER ROAD",2957.00,N,N,A,-,Y,,,86,,,,,,N,Y,3,0,2,1,A,-,08,22107,,M,E,8,A,A,H,-,A,D,0,,,,,Y,,A,01,0,2,0,0,0,0,0,0,0,"- ","- ",33.365200042724609,-116.02101135253906,IMPERIAL,UNINCORPORATED,-116.02096557617188,33.365215301513672
91428112,2021,2021-03-16,9625,2021-03-15,2025,019225,,1,2,9,1300,0,1,3,,2,013,SR-78,SR-86,7920.00,W,N,A,G,Y,,,78,,,,,,,Y,4,0,1,3,A,-,03,22350,,N,B,E,A,A,H,-,D,D,0,,,,Y,Y,,A,01,0,0,1,0,0,0,0,0,0,"- ","- ",33.125850677490234,-115.88155364990234,IMPERIAL,UNINCORPORATED,-115.88155364990234,33.12579345703125
9221317,2021,2021-02-11,1304,2021-01-06,2337,361,ELCE,3,5,4,1304,0,0,0,,0,EAST,"RT 86",AURORA,155.00,N,N,A,-,Y,IMP,11,86,-,-,6.350,H,-,S,N,2,0,1,1,A,-,08,22107,,N,E,I,A,A,H,-,C,D,0,,,,,Y,,A,01,1,0,0,0,0,0,0,0,0,"- ","- ",,,IMPERIAL,"EL CENTRO",-115.5523681640625,32.778816223144531
9271401,2021,2021-06-17,1301,2021-01-29,1953,906,BRAWL,5,5,3,1301,0,0,0,,0,0B3,"RT 111","RT 78",0.00,,Y,A,-,Y,IMP,11,111,-,-,23.787,I,5,N,Y,4,0,1,2,A,-,12,21453,,N,D,C,A,A,H,-,C,A,0,,,,,Y,,A,01,0,0,1,0,0,0,0,0,0,"- ","- ",,,IMPERIAL,BRAWLEY,-115.52647399902344,33.002422332763672
9290663,2021,2021-08-27,1304,2021-07-11,0026,341,EWEST,7,5,4,1304,0,0,0,,0,WEST,ORANGE,"ORANGE AV 1500",0.00,,N,A,-,N,,,,,,,,,,N,3,0,1,2,A,-,08,22107,,N,B,E,A,A,H,-,C,D,0,,,,,Y,,A,01,0,1,0,0,0,0,0,0,0,"- ","- ",32.788768768310547,-115.57211303710938,IMPERIAL,"EL CENTRO",-115.54402160644531,32.788764953613281
9312369,2021,2021-09-09,1304,2021-08-19,1242,326,EEAS,4,5,4,1304,0,0,0,,0,,4TH,SMOKETREE,15.00,N,N,A,-,Y,IMP,11,86,-,-,6.120,H,-,S,N,4,0,2,2,A,-,03,22350,,N,C,C,A,A,H,-,A,A,0,,,,,Y,,A,01,0,0,2,0,0,0,0,0,0,"- ","- ",32.775749206542969,-115.55233001708984,IMPERIAL,"EL CENTRO",-115.55227661132812,32.775459289550781
9384316,2021,2022-01-14,1304,2021-12-17,1524,339,EPTRL,5,5,4,1304,0,0,0,,0,EAST,"8TH ST","STACEY AV",5.00,S,N,A,-,N,,,,,,,,,,N,4,0,1,2,A,-,03,22350,,N,C,C,A,A,H,-,A,D,0,,,,,Y,,-,,0,0,1,0,0,0,0,0,0,"- ","- ",,,IMPERIAL,"EL CENTRO",-115.56147003173828,32.800506591796875
91516883,2021,2021-07-09,9625,2021-06-30,1803,020738,,3,2,9,1300,0,1,1,,2,001,"I-8 EASTBOUND","MOUNTAIN SPRINGS ROAD",8976.00,E,N,A,-,Y,,,8,,,,,,E,N,3,0,1,2,A,-,03,22350,,N,C,C,A,A,H,-,A,D,0,,,,Y,Y,,A,01,0,1,0,0,0,0,0,0,0,"- ","- ",32.677211761474609,-116.07302093505859,IMPERIAL,UNINCORPORATED,-116.07304382324219,32.677238464355469
91391802,2021,2021-01-21,9625,2021-01-10,2500,019225,,7,4,9,1300,0,3,5,,2,010,"RUTHERFORD ROAD","KALIN ROAD",0.00,,Y,A,-,N,,,,,,,,,,Y,1,1,0,1,A,-,03,22350,,N,E,I,A,A,H,-,D,A,0,,,,,Y,,A,01,0,0,0,0,0,0,0,0,0,"- ","- ",33.044540405273438,-115.57853698730469,IMPERIAL,UNINCORPORATED,-115.5784912109375,33.044525146484375
91407716,2021,2021-02-12,9625,2021-02-04,1150,017075,,4,1,9,1300,0,3,5,,2,020,"NILAND AVENUE","5TH STREET",43.00,N,N,A,-,N,,,,,,,,,,Y,4,0,1,1,A,-,08,22107,,N,A,I,A,A,H,-,A,D,0,,,,,Y,,A,01,0,0,1,0,0,0,0,0,0,"- ","- ",33.236968994140625,-115.51368713378906,IMPERIAL,UNINCORPORATED,-115.51359558105469,33.236980438232422
91573433,2021,2021-09-17,9625,2021-09-10,0949,018978,,5,1,9,1300,0,1,3,,1,011,"STATE ROUTE 86 S/B","VENDEL ROAD",1800.00,S,N,A,-,Y,,,86,,,,,,S,Y,4,0,1,2,A,-,05,21651,B,N,E,J,A,A,H,-,A,D,0,,,,,Y,,D,22,0,0,1,0,0,0,0,0,0,"- ","- ",33.037410736083984,-115.70191192626953,IMPERIAL,UNINCORPORATED,-115.701904296875,33.037494659423828
91600735,2021,2021-10-19,9625,2021-10-11,1415,019667,,1,2,9,1300,0,3,5,,2,040,"OPEN DESERT",SR-98,575.00,E,N,A,G,N,,,,,,,,,,Y,4,0,1,1,A,-,01,23152,A,N,E,I,A,A,H,-,A,D,0,,,,,Y,Y,A,08,0,0,1,0,0,0,0,0,0,"- ","- ",32.727878570556641,-116.01909637451172,IMPERIAL,UNINCORPORATED,,
91427271,2021,2021-03-15,9620,2021-03-06,0425,021051,,6,3,9,1300,0,1,1,,2,081,"I-8 W/B",SR-98,2640.00,E,N,A,-,Y,,,8,,,,,,W,Y,3,0,1,1,A,-,01,23152,A,N,F,A,A,A,H,-,D,D,0,,,,,Y,Y,D,22,0,1,0,0,0,0,0,0,0,"- ","- ",32.708400726318359,-115.08099365234375,IMPERIAL,UNINCORPORATED,-115.08100128173828,32.708347320556641
91456535,2021,2021-04-22,9625,2021-04-15,1355,020111,,4,1,9,1300,0,1,3,,1,011,"SR-86 S/B","KALIN ROAD",0.00,,Y,A,-,Y,,,86,,,,,,S,Y,4,0,2,2,A,-,09,21803,A,N,D,C,A,A,H,-,A,A,0,,,,,Y,,A,07,0,0,2,0,0,0,0,0,0,"- ","- ",32.984619140625,-115.57832336425781,IMPERIAL,UNINCORPORATED,-115.57820892333984,32.984710693359375
91520990,2021,2021-07-15,9625,2021-07-06,0935,018468,,2,1,9,1300,0,1,1,,2,003,"INTERSTATE 8 (E/B)","DUNAWAY ROAD",0.00,,N,A,-,Y,,,8,,,,,,,Y,2,0,5,1,A,-,08,22107,,N,F,A,A,A,H,-,A,D,0,,,,,Y,,A,07,2,2,1,0,0,0,0,0,0,"- ","- ",32.768741607666016,-115.80021667480469,IMPERIAL,UNINCORPORATED,-115.80023193359375,32.768802642822266
91423676,2021,2021-03-09,9625,2021-02-27,2046,018792,,6,2,9,1300,0,1,3,,1,011,"SR-86 N/B","POE ROAD",2180.00,N,N,A,-,Y,,,86,,,,,,N,Y,2,0,4,2,A,-,08,22107,,N,D,C,A,A,H,-,D,D,0,,,,,Y,,A,01,1,1,2,0,0,0,0,0,0,"- ","- ",33.083629608154297,-115.75955200195312,IMPERIAL,UNINCORPORATED,-115.75956726074219,33.083587646484375
91656421,2021,2021-12-20,9625,2021-12-15,1645,018792,,3,2,9,1300,0,2,4,,2,046,"RALPH ROAD","DOGWOOD ROAD",0.00,,Y,A,-,N,,,,,,,,,,Y,3,0,1,2,A,-,09,21802,A,N,D,C,A,A,H,-,B,A,0,,,,,Y,,A,01,0,1,0,0,0,0,0,0,0,"- ","- ",32.869140625,-115.53556823730469,IMPERIAL,UNINCORPORATED,-115.53556823730469,32.869152069091797
9232973,2021,2021-03-05,1304,2021-01-27,2221,325,ELCE,3,5,4,1304,0,0,0,,0,EAST,"5TH ST","BRIGHTON AV",25.00,N,N,A,-,N,,,,,,,,,,N,3,0,1,2,A,-,10,21954,B,N,G,B,E,A,H,-,C,D,0,Y,,,,Y,Y,-,,0,1,0,0,1,0,0,0,0,"- ","- ",,,IMPERIAL,"EL CENTRO",-115.55471801757812,32.789829254150391
91395286,2021,2021-01-27,9625,2021-01-25,1435,018468,,1,2,9,1300,0,3,5,,2,010,"WALKER ROAD","GENTRY ROAD",65.00,W,N,B,C,N,,,,,,,,,,Y,4,0,1,1,A,-,03,22350,,N,E,I,A,B,H,-,A,A,0,,,,,Y,,A,01,0,0,1,0,0,0,0,0,0,"- ","- ",33.074909210205078,-115.61476898193359,IMPERIAL,UNINCORPORATED,-115.61449432373047,33.075374603271484
91434424,2021,2021-03-24,9625,2021-03-17,1535,019668,,3,2,9,1300,0,1,3,,2,052,SR-98,"BONESTEELE ROAD",394.00,W,N,A,-,Y,,,98,,,,,,,Y,4,0,2,2,A,-,08,22107,,N,B,C,A,A,H,-,A,D,0,,,,Y,Y,,A,01,0,0,2,0,0,0,0,0,0,"- ","- ",32.694339752197266,-115.31195068359375,IMPERIAL,UNINCORPORATED,-115.31195068359375,32.694408416748047
91449040,2021,2021-04-13,9620,2021-04-08,1111,019291,,4,1,9,1300,0,1,3,,1,062,SR-186,"ALL AMERICAN CANAL",2112.00,S,N,A,-,N,,,186,,,,,,,Y,3,0,2,2,C,-,18,,,N,E,J,A,A,H,-,A,D,0,,,,,Y,,-,"- ",0,2,0,0,0,0,0,0,0,"- ","- ",32.731590270996094,-114.71697998046875,IMPERIAL,UNINCORPORATED,-114.71694946289062,32.731575012207031
91594163,2021,2021-10-12,9625,2021-08-30,1500,019668,,1,2,9,1300,0,1,1,,2,001,"I-8 E/B","IN KO PAH PARK ROAD",4732.00,E,N,A,-,Y,,,8,,,,,,E,Y,1,1,0,1,A,-,08,22107,,N,E,I,A,A,H,-,A,D,0,,,,,Y,,A,07,0,0,0,0,0,0,0,0,0,"- ","- ",32.653911590576172,-116.09877014160156,IMPERIAL,UNINCORPORATED,-116.09872436523438,32.653873443603516
91542841,2021,2021-08-11,9625,2021-08-03,1400,021107,,2,2,9,1300,0,1,3,,1,044,"STATE ROUTE 86 S/B","AUSTIN ROAD",3300.00,N,N,A,-,Y,,,86,,,,,,S,Y,2,0,3,2,A,-,03,22350,,N,C,C,A,A,H,-,A,D,0,,,,,Y,,D,22,1,1,1,0,0,0,0,0,0,"- ","- ",32.95452880859375,-115.55716705322266,IMPERIAL,UNINCORPORATED,-115.55714416503906,32.9544677734375
91480520,2021,2021-05-24,9625,2021-05-18,0550,017727,,2,3,9,1300,0,2,4,,2,047,"FORRESTER ROAD","JOHNSON ROAD",1857.00,S,N,A,-,N,,,,,,,,,,Y,2,0,1,1,A,-,08,22107,,N,E,I,A,A,H,-,B,D,0,,,,,Y,,D,22,1,0,0,0,0,0,0,0,0,"- ","- ",32.957698822021484,-115.62400054931641,IMPERIAL,UNINCORPORATED,-115.62416839599609,32.95782470703125
91536865,2021,2021-08-04,9625,2021-07-24,0555,019582,,6,3,9,1300,0,3,5,,2,010,"FREDRICKS ROAD","ELDER ROAD",0.00,,Y,A,-,N,,,,,,,,,,Y,2,0,1,1,A,-,01,23152,A,N,E,I,A,A,H,-,A,A,0,,,,,Y,Y,A,01,1,0,0,0,0,0,0,0,0,"- ","- ",32.998981475830078,-115.58907318115234,IMPERIAL,UNINCORPORATED,-115.58970642089844,32.998950958251953
91633131,2021,2021-11-23,9625,2021-11-12,0540,021232,,5,3,9,1300,0,1,3,,1,021,SR-111,"RUEGGER ROAD",18.00,N,N,A,-,Y,,,111,,,,,,,Y,3,0,3,2,A,-,03,22350,,N,C,C,A,A,H,-,A,D,0,,,,,Y,,A,01,0,3,0,0,0,0,0,0,0,"- ","- ",33.104011535644531,-115.51487731933594,IMPERIAL,UNINCORPORATED,-115.51478576660156,33.104011535644531
91601319,2021,2021-10-27,9625,2021-10-17,1940,019667,,7,2,9,1300,0,1,3,,2,043,SR-86,"DOGWOOD ROAD",0.00,,Y,A,-,Y,,,86,,,,,,,N,4,0,1,2,A,-,09,21802,A,N,D,C,A,D,H,-,C,A,0,,,,,Y,,A,01,0,0,1,0,0,0,0,0,0,"- ","- ",32.73046875,-115.53434753417969,IMPERIAL,UNINCORPORATED,-115.53434753417969,32.730655670166016
91454968,2021,2021-04-21,9625,2021-04-09,1828,018978,,5,2,9,1300,0,1,3,,2,025,"STATE ROUTE 78 (BEN HULSE HIGHWAY)","BULL ROAD",1889.00,E,N,A,-,Y,,,78,,,,,,,Y,3,0,1,1,C,-,18,,,N,H,A,A,A,H,-,B,D,0,,,,,Y,,-,"- ",0,1,0,0,0,0,0,0,0,"- ","- ",33.01361083984375,-115.04530334472656,IMPERIAL,UNINCORPORATED,-115.0452880859375,33.013584136962891
91485057,2021,2021-05-28,9625,2021-05-18,0521,020738,,2,3,9,1300,0,1,1,,2,003,"I-8 EASTBOUND","WESTSIDE ROAD",1470.00,E,N,A,-,Y,,,8,,,,,,E,Y,2,0,3,1,A,-,01,23152,F,N,F,A,A,A,H,-,B,D,0,,,,,Y,,A,01,3,0,0,0,0,0,0,0,0,"- ","- ",32.773891448974609,-115.72837829589844,IMPERIAL,UNINCORPORATED,-115.72837829589844,32.773891448974609
91520364,2021,2021-07-14,9625,2021-07-02,0705,017727,,5,1,9,1300,0,1,3,,1,042,SR-98,"MOLITAR ROAD",1950.00,E,N,A,-,N,,,98,,,,,,,N,4,0,1,1,A,-,08,22107,,N,D,I,A,A,H,-,A,D,0,,,,,Y,,A,01,0,0,1,0,0,0,0,0,0,"- ","- ",32.719799041748047,-115.95590209960938,IMPERIAL,UNINCORPORATED,-115.95589447021484,32.719825744628906
9406342,2021,2022-02-18,1301,2021-07-12,2003,901,BRAWL,1,5,3,1301,0,0,0,,0,003,"MAIN ST","CEASER CHAVEZ ST",0.00,,Y,A,-,N,,,,,,,,,,N,2,0,1,2,A,-,10,21950,,N,G,B,D,A,H,-,C,A,0,Y,,,,Y,,N,60,1,0,0,0,1,0,0,0,0,"- ","- ",,,IMPERIAL,BRAWLEY,,
91441784,2021,2021-04-02,9625,2021-02-12,1445,018978,,5,2,9,1300,0,1,1,,2,002,"INTERSTATE 8 W/B","IN KO PAH PARK ROAD",6874.00,E,N,A,-,Y,,,8,,,,,,W,Y,1,1,0,1,A,-,08,22107,,N,E,I,A,A,H,-,A,D,0,,,,,Y,,D,22,0,0,0,0,0,0,0,0,0,"- ","- ",32.66094970703125,-116.10109710693359,IMPERIAL,UNINCORPORATED,-116.10121917724609,32.660747528076172
91472344,2021,2021-05-13,9620,2021-05-08,1615,018464,,6,2,9,1300,0,2,4,,1,061,"OGILBY ROAD","WALKER WAY",22704.00,N,N,A,-,N,,,,,,,,,,Y,2,0,1,1,A,-,08,22107,,N,F,A,A,A,H,-,A,D,0,,,,,Y,,A,07,1,0,0,0,0,0,0,0,0,"- ","- ",33.006538391113281,-114.90094757080078,IMPERIAL,UNINCORPORATED,-114.88612365722656,32.937408447265625
91476007,2021,2021-05-18,9625,2021-05-09,1432,018978,,7,2,9,1300,0,1,3,,1,012,"STATE ROUTE 86 S/B","NORM NIVER ROAD",1607.00,N,N,A,-,Y,,,,,,,,,,N,3,0,1,2,C,-,18,,,N,H,A,A,A,G,-,A,D,0,,,,,Y,,-,"- ",0,1,0,0,0,0,0,0,0,"- ","- ",33.214241027832031,-116.01127624511719,IMPERIAL,UNINCORPORATED,-116.01768493652344,33.353363037109375
9263367,2021,2021-05-13,1304,2021-04-30,0115,368,E1,5,5,4,1304,0,0,0,,0,EAST,"MACY WY","DOGWOOD RD",217.00,N,N,A,-,N,,,,,,,,,,Y,3,0,1,1,A,-,01,23152,B,N,A,I,A,A,H,-,C,A,0,,,,,Y,Y,-,,0,1,0,0,0,0,0,0,0,"- ","- ",,,IMPERIAL,"EL CENTRO",-115.53489685058594,32.762027740478516
91387049,2021,2021-01-13,9625,2021-01-11,1140,016248,,1,1,9,1300,0,1,3,,1,051,"SR-7 EXPRESSWAY NORTH","MENVIELLE ROAD",35.00,E,N,A,-,Y,,,7,,,,,,,Y,4,0,1,1,A,-,03,22350,,N,F,A,A,A,H,-,A,D,0,,,,Y,Y,,G,26,0,0,1,0,0,0,0,0,0,"- ","- ",32.682811737060547,-115.38896179199219,IMPERIAL,UNINCORPORATED,-115.38896179199219,32.682811737060547
91486654,2021,2021-06-01,9620,2021-05-28,0730,018734,,5,1,9,1300,0,1,1,,2,081,"I-8 EB","OGILBY ROAD",8448.00,W,N,A,-,Y,,,8,,,,,,E,Y,4,0,1,1,A,-,08,22107,,N,E,I,A,A,H,-,A,D,0,,,,,Y,,A,08,0,0,1,0,0,0,0,0,0,"- ","- ",32.751781463623047,-114.86530303955078,IMPERIAL,UNINCORPORATED,-114.86532592773438,32.751838684082031
91628330,2021,2021-11-18,9625,2021-11-13,2045,019668,,6,2,9,1300,0,3,5,,2,040,"IMLER ROAD","WHEELER ROAD",12144.00,E,N,A,-,N,,,,,,,,,,Y,4,0,2,1,A,-,08,22107,,N,E,J,A,A,H,-,D,D,0,,,,,Y,,A,01,0,0,2,0,0,0,0,0,0,"- ","- ",32.913829803466797,-115.7105712890625,IMPERIAL,UNINCORPORATED,,
9298711,2021,2021-08-13,1304,2021-07-16,1810,368,E1,5,5,4,1304,0,0,0,,0,EAST,DOGWOOD,"ROSS AV",0.00,,Y,A,-,N,,,,,,,,,,N,3,0,1,2,A,-,03,22350,,N,C,C,A,A,H,-,A,A,0,,,,,Y,,A,01,0,1,0,0,0,0,0,0,0,"- ","- ",32.779388427734375,-115.53533172607422,IMPERIAL,"EL CENTRO",-115.53537750244141,32.781490325927734
91501439,2021,2021-06-21,9625,2021-05-31,2137,018978,,1,2,9,1300,0,2,4,,2,046,"DOGWOOD ROAD","CAREY ROAD",947.00,N,N,A,-,N,,,,,,,,,,Y,3,0,1,1,A,-,08,22107,,N,E,I,A,A,H,-,D,D,0,,,,,Y,Y,A,01,0,1,0,0,0,0,0,0,0,"- ","- ",32.552738189697266,-115.53553009033203,IMPERIAL,UNINCORPORATED,-115.53553771972656,32.929859161376953
91558299,2021,2021-08-30,9625,2021-08-27,0950,018368,,5,1,9,1300,0,2,4,,2,057,"EVAN HEWES HIGHWAY","METS RD",0.00,,Y,A,-,N,,,,,,,,,,Y,4,0,1,2,A,-,09,21801,A,N,D,C,A,A,H,-,A,D,0,,,,,Y,,A,01,0,0,1,0,0,0,0,0,0,"- ","- ",32.806350708007812,-115.39743041992188,IMPERIAL,UNINCORPORATED,-115.39746856689453,32.806285858154297
91561275,2021,2021-09-07,9625,2021-08-31,1612,021107,,2,2,9,1300,0,2,4,,2,046,"DOGWOOD ROAD","WILLOUGHBY ROAD",0.00,,Y,B,-,N,,,,,,,,,,Y,4,0,2,2,A,-,09,21802,A,N,D,C,A,A,H,-,A,A,0,,,,,Y,,A,01,0,0,2,0,0,0,0,0,0,"- ","- ",32.708450317382812,-115.53408813476562,IMPERIAL,UNINCORPORATED,-115.53408050537109,32.708446502685547
9221321,2021,2021-02-11,1304,2021-01-22,2220,335,E1,5,5,4,1304,0,0,0,,0,EAST,7TH,ADAMS,0.00,,Y,A,-,Y,IMP,11,86,-,L,7.896,I,5,N,N,3,0,2,2,A,-,03,22350,,F,C,C,A,A,H,-,C,D,0,,,,,Y,,-,99,0,1,1,0,0,0,0,0,0,"- ","- ",,,IMPERIAL,"EL CENTRO",-115.55927276611328,32.796554565429688
91573505,2021,2021-09-17,9625,2021-09-12,1658,022010,,7,2,9,1300,0,1,1,,2,006,"I-8 W/B",SR-111,317.00,W,N,A,-,Y,,,8,,,,,,W,Y,3,0,1,1,C,-,18,,,N,E,I,A,A,H,-,A,D,0,,,,,Y,,-,"- ",0,1,0,0,0,0,0,0,0,"- ","- ",32.675979614257812,-116.10659790039062,IMPERIAL,UNINCORPORATED,-116.10689544677734,32.676143646240234
91673346,2021,2022-01-07,9625,2021-12-29,0252,019582,,3,3,9,1300,0,1,3,,2,052,SR-98,I-8,11616.00,W,N,A,-,Y,,,,,,,,,,Y,2,0,1,1,A,-,08,22107,,N,E,I,A,A,H,-,D,D,0,,,,,Y,,A,07,1,0,0,0,0,0,0,0,0,"- ","- ",32.714561462402344,-115.10265350341797,IMPERIAL,UNINCORPORATED,-115.08984375,32.7099609375
9366914,2021,2022-01-11,1304,2021-12-07,1316,363,EAST,2,5,4,1304,0,0,0,,0,EAST,"4TH ST",SMOKETREE,119.00,S,N,A,-,N,,,,,,,,,,N,3,0,1,2,A,-,11,21954,A,N,A,B,D,A,H,-,A,D,0,Y,,,,Y,,N,60,0,1,0,0,1,0,0,0,0,"- ","- ",,,IMPERIAL,"EL CENTRO",-115.55230712890625,32.775032043457031
9504008,2021,2022-09-30,1304,2021-12-05,0207,358,,7,5,4,1304,0,0,0,,0,EAST,"DOGWOOD RD","MCCABE RD",1457.00,N,N,A,-,N,,,,,,,,,,N,1,1,1,2,A,-,11,21954,A,N,-,B,E,A,H,-,D,A,0,Y,,,,Y,Y,N,60,0,1,0,1,0,0,0,0,0,"- ","- ",,,IMPERIAL,"EL CENTRO",-115.53482818603516,32.75634765625