CASE_ID,ACCIDENT_YEAR,PROC_DATE,JURIS,COLLISION_DATE,COLLISION_TIME,OFFICER_ID,REPORTING_DISTRICT,DAY_OF_WEEK,CHP_SHIFT,POPULATION,CNTY_CITY_LOC,SPECIAL_COND,BEAT_TYPE,CHP_BEAT_TYPE,CITY_DIVISION_LAPD,CHP_BEAT_CLASS,BEAT_NUMBER,PRIMARY_RD,SECONDARY_RD,DISTANCE,DIRECTION,INTERSECTION,WEATHER_1,WEATHER_2,STATE_HWY_IND,CALTRANS_COUNTY,CALTRANS_DISTRICT,STATE_ROUTE,ROUTE_SUFFIX,POSTMILE_PREFIX,POSTMILE,LOCATION_TYPE,RAMP_INTERSECTION,SIDE_OF_HWY,TOW_AWAY,COLLISION_SEVERITY,NUMBER_KILLED,NUMBER_INJURED,PARTY_COUNT,PRIMARY_COLL_FACTOR,PCF_CODE_OF_VIOL,PCF_VIOL_CATEGORY,PCF_VIOLATION,PCF_VIOL_SUBSECTION,HIT_AND_RUN,TYPE_OF_COLLISION,MVIW,PED_ACTION,ROAD_SURFACE,ROAD_COND_1,ROAD_COND_2,LIGHTING,CONTROL_DEVICE,CHP_ROAD_TYPE,PEDESTRIAN_ACCIDENT,BICYCLE_ACCIDENT,MOTORCYCLE_ACCIDENT,TRUCK_ACCIDENT,NOT_PRIVATE_PROPERTY,ALCOHOL_INVOLVED,STWD_VEHTYPE_AT_FAULT,CHP_VEHTYPE_AT_FAULT,COUNT_SEVERE_INJ,COUNT_VISIBLE_INJ,COUNT_COMPLAINT_PAIN,COUNT_PED_KILLED,COUNT_PED_INJURED,COUNT_BICYCLIST_KILLED,COUNT_BICYCLIST_INJURED,COUNT_MC_KILLED,COUNT_MC_INJURED,PRIMARY_RAMP,SECONDARY_RAMP,LATITUDE,LONGITUDE,COUNTY,CITY,POINT_X,POINT_Y
91648027,2021,2021-12-09,9625,2021-12-01,1340,018792,,3,1,9,1300,0,3,5,,2,010,"ATLANTIC BLVD","BIG BEAR AVE",1584.00,N,N,A,-,N,,,,,,,,,,Y,3,0,1,1,A,-,01,23152,A,N,F,A,A,A,H,-,A,D,0,,,,,Y,Y,D,22,0,1,0,0,0,0,0,0,0,"- ","- ",33.322971343994141,-115.96096038818359,IMPERIAL,UNINCORPORATED,-115.96205902099609,33.326206207275391
91381329,2021,2021-01-05,9625,2021-01-01,0045,020738,,5,3,9,1300,0,3,5,,2,040,"MCCABE ROAD","FORRESTER ROAD",1056.00,E,N,A,-,N,,,,,,,,,,Y,4,0,1,2,A,-,08,22107,,F,D,C,A,A,H,-,D,D,0,,,,,Y,,D,22,0,0,1,0,0,0,0,0,0,"- ","- ",32.752468109130859,-115.61708068847656,IMPERIAL,UNINCORPORATED,-115.61725616455078,32.752487182617188
91386357,2021,2021-01-12,9620,2021-01-11,1202,018247,,1,1,9,1300,0,1,3,,1,063,SR-78,"MARLOWE RD.",6864.00,E,N,A,-,Y,,,78,,,,,,,N,4,0,1,2,A,-,06,21750,,N,B,C,A,A,H,-,A,D,0,,,,Y,Y,,A,01,0,0,1,0,0,0,0,0,0,"- ","- ",33.382038116455078,-114.72181701660156,IMPERIAL,UNINCORPORATED,-114.72188568115234,33.382041931152344
91386576,2021,2021-01-13,9625,2021-01-03,1408,020263,,7,2,9,1300,0,1,3,,1,012,"SR-86 S/B","SUNRISE DRIVE",0.00,,Y,A,-,Y,,,86,,,,,,S,Y,2,0,4,2,A,-,09,21803,A,N,D,C,A,A,H,-,A,A,0,,,,,Y,,A,08,2,2,0,0,0,0,0,0,0,"- ","- ",33.289321899414062,-115.97193145751953,IMPERIAL,UNINCORPORATED,-115.97198486328125,33.289276123046875
91386773,2021,2021-01-13,9625,2021-01-07,0620,016248,,4,1,9,1300,0,3,5,,2,050,"ORCHARD ROAD","EDWARDS ROAD",25.00,N,N,A,-,N,,,,,,,,,,N,2,0,1,2,A,-,09,21801,A,F,A,C,A,A,H,-,B,D,0,,,Y,,Y,,-,99,1,0,0,0,0,0,0,0,1,"- ","- ",32.788749694824219,-115.38368225097656,IMPERIAL,UNINCORPORATED,-115.38374328613281,32.788799285888672
91388963,2021,2021-01-18,9625,2021-01-14,1541,019582,,4,2,9,1300,0,2,4,,2,046,"DOGWOOD ROAD","WILLOUGHBY ROAD",0.00,,Y,A,-,N,,,,,,,,,,Y,4,0,1,2,A,-,09,21802,A,N,D,C,A,A,H,-,A,A,0,,,,,Y,,A,07,0,0,1,0,0,0,0,0,0,"- ","- ",32.708301544189453,-115.5340576171875,IMPERIAL,UNINCORPORATED,-115.53408050537109,32.708446502685547
91393876,2021,2021-01-25,9625,2021-01-21,1820,019225,,4,2,9,1300,0,1,1,,2,001,"INTERSTATE 8 E/B","MOUNTAIN SPRINGS ROAD",175.00,W,N,A,-,Y,,,8,,,,,,E,Y,3,0,1,1,A,-,08,22107,,N,E,I,A,A,H,-,D,D,0,,,Y,,Y,,C,02,0,1,0,0,0,0,0,0,1,"- ","- ",32.676490783691406,-116.09979248046875,IMPERIAL,UNINCORPORATED,-116.09980773925781,32.676464080810547
91395657,2021,2021-02-24,9625,2021-01-22,0645,019225,,5,1,9,1300,0,1,3,,1,051,"SR-7 N/B","INTERSTATE 8",425.00,N,N,E,-,Y,,,7,,,,,,N,Y,2,0,1,2,A,-,03,22350,,N,C,C,A,B,H,-,A,D,0,,,Y,,Y,,C,02,1,0,0,0,0,0,0,0,1,"- ","- ",32.774681091308594,-115.38369750976562,IMPERIAL,UNINCORPORATED,-115.38375091552734,32.774681091308594
91400090,2021,2021-02-01,9625,2021-01-27,1215,017727,,3,1,9,1300,0,1,1,,2,002,"I-8 W/B","IMPERIAL HIGHWAY",1950.00,W,N,A,-,Y,,,8,,,,,,W,N,3,0,1,1,A,-,08,22107,,N,F,A,A,A,H,-,A,D,0,,,,,Y,,A,01,0,1,0,0,0,0,0,0,0,"- ","- ",32.733100891113281,-116.00039672851562,IMPERIAL,UNINCORPORATED,-116.00040435791016,32.733127593994141
91402546,2021,2021-02-04,9625,2021-01-29,1532,019582,,5,2,9,1300,0,2,4,,2,047,"FORRESTER ROAD","CADY ROAD",0.00,,Y,A,-,N,,,,,,,,,,Y,3,0,3,2,A,-,12,22450,A,N,D,C,A,A,H,-,A,A,0,,,,,Y,,D,22,0,2,1,0,0,0,0,0,0,"- ","- ",32.977359771728516,-115.62404632568359,IMPERIAL,UNINCORPORATED,-115.62409973144531,32.977386474609375
91408000,2021,2021-02-15,9625,2021-02-04,1625,022010,,4,2,9,1300,0,1,1,,2,001,"I-8 E/B","IN KO PAH",3854.00,E,N,A,G,Y,,,8,,,,,,E,Y,4,0,1,1,A,-,03,22350,,N,F,A,A,A,H,-,A,D,0,,,,,Y,,A,07,0,0,1,0,0,0,0,0,0,"- ","- ",32.675128936767578,-116.10685729980469,IMPERIAL,UNINCORPORATED,-116.10683441162109,32.675121307373047
91410128,2021,2021-02-17,9625,2021-02-10,1421,019582,,3,2,9,1300,0,3,5,,2,040,"MCCABE ROAD","AUSTIN ROAD",0.00,,Y,A,-,N,,,,,,,,,,Y,3,0,2,2,A,-,12,22450,A,N,D,C,A,A,H,-,A,A,0,,,,,Y,,D,22,0,2,0,0,0,0,0,0,0,"- ","- ",32.752510070800781,-115.5950927734375,IMPERIAL,UNINCORPORATED,-115.59494781494141,32.752468109130859
91412969,2021,2021-03-04,9620,2021-02-15,1725,017837,Quech,1,2,9,1300,0,2,4,,1,075,"S-24 (PICACHO ROAD)","JACKSON ROAD",0.00,,Y,B,-,N,,,,,,,,,,Y,2,0,4,1,A,-,08,22107,,N,E,I,A,A,H,-,D,D,0,,,,,Y,,A,07,3,1,0,0,0,0,0,0,0,"- ","- ",32.774700164794922,-114.61628723144531,IMPERIAL,UNINCORPORATED,,
91415192,2021,2021-02-25,9625,2021-02-15,1025,017727,,1,1,9,1300,0,1,3,,1,012,"SR-86 S/B","SUNRISE DRIVE",0.00,,Y,A,-,Y,,,86,,,,,,S,Y,3,0,3,2,A,-,09,21802,A,N,D,C,A,A,H,-,A,D,0,,,,,Y,,D,22,0,2,1,0,0,0,0,0,0,"- ","- ",33.289199829101562,-115.97190093994141,IMPERIAL,UNINCORPORATED,-115.97191619873047,33.289188385009766
91419671,2021,2021-03-03,9625,2021-02-22,1020,018933,,1,1,9,1300,0,3,5,,2,010,"EDDINS ROAD","BRANDT ROAD",1673.00,W,N,A,-,N,,,,,,,,,,Y,2,0,1,1,A,-,08,22107,,N,E,I,A,A,H,-,A,D,0,,,,,Y,,A,01,1,0,0,0,0,0,0,0,0,"- ","- ",33.125728607177734,-115.56951904296875,IMPERIAL,UNINCORPORATED,-115.56802368164062,33.125759124755859
91419742,2021,2021-03-03,9625,2021-01-21,0628,018933,,4,1,9,1300,0,2,4,,2,046,"DOGWOOD ROAD","CRUICKSHANK ROAD",1030.00,S,N,A,-,N,,,,,,,,,,Y,1,1,1,2,A,-,06,21751,,N,A,C,A,B,H,-,B,D,0,,,,,Y,,A,01,0,1,0,0,0,0,0,0,0,"- ","- ",32.808158874511719,-115.53574371337891,IMPERIAL,UNINCORPORATED,-115.53569030761719,32.808284759521484
91424945,2021,2021-03-11,9620,2021-03-09,1005,018028,,2,1,9,1300,0,1,1,,2,082,"INTERSTATE 8 E/B","OGILBY RD.",11616.00,E,N,A,-,Y,,,8,,,,,,E,Y,4,0,2,2,A,-,03,22350,,N,C,C,A,A,H,-,A,D,0,,,,Y,Y,,A,08,0,0,2,0,0,0,0,0,0,"- ","- ",32.754348754882812,-114.80043792724609,IMPERIAL,UNINCORPORATED,-114.80044555664062,32.75433349609375
91427595,2021,2021-03-15,9625,2021-03-08,0515,020111,,1,3,9,1300,0,3,5,,2,020,"BRANDT ROAD","EDDINS ROAD",0.00,,Y,A,-,N,,,,,,,,,,Y,3,0,2,2,A,-,12,22450,A,N,D,C,A,A,H,-,D,A,0,,,,,Y,,D,22,0,1,1,0,0,0,0,0,0,"- ","- ",33.125789642333984,-115.56243133544922,IMPERIAL,UNINCORPORATED,-115.56259155273438,33.125751495361328
91429432,2021,2021-03-17,9625,2021-03-05,0602,018930,,5,1,9,1300,0,1,1,,2,006,"INTERSTATE 8 W/B",SR-111,4088.00,W,N,A,-,Y,,,8,,,,,,W,Y,2,0,1,2,A,-,07,21658,A,N,C,C,A,A,H,-,A,D,0,,,Y,,Y,,A,07,1,0,0,0,0,0,0,0,1,"- ","- ",32.773998260498047,-115.52469635009766,IMPERIAL,UNINCORPORATED,-115.52469635009766,32.773994445800781
91429573,2021,2021-03-17,9620,2021-03-12,1331,020054,Quech,5,1,9,1300,0,1,1,,2,082,"E/B I-8","WINTERHAVEN DR",3696.00,W,N,A,-,Y,,,8,,,,,,,Y,3,0,1,2,A,-,08,22107,,N,C,C,A,A,H,-,A,D,0,,,,Y,Y,,D,22,0,1,0,0,0,0,0,0,0,"- ","- ",32.737621307373047,-114.66375732421875,IMPERIAL,UNINCORPORATED,-114.66374206542969,32.737705230712891
91433511,2021,2021-03-23,9625,2021-03-11,1244,018368,,4,1,9,1300,0,1,1,,2,002,"I-8 W/B","IN KO PAH PARK ROAD",1584.00,E,N,B,-,Y,,,8,,,,,,W,Y,3,0,1,1,A,-,08,22107,,N,E,I,A,B,H,-,A,D,0,,,,,Y,,A,01,0,1,0,0,0,0,0,0,0,"- ","- ",32.663150787353516,-116.1060791015625,IMPERIAL,UNINCORPORATED,-116.10604095458984,32.663177490234375
91435497,2021,2021-03-25,9625,2021-03-17,1735,019668,,3,2,9,1300,0,3,5,,2,050,"COUNTRY CLUB DRIVE","MURRAY DRIVE",792.00,S,N,A,-,N,,,,,,,,,,Y,3,0,1,1,A,-,03,22350,,N,E,I,A,A,H,-,A,D,0,,,Y,,Y,,C,02,0,1,0,0,0,0,0,0,1,"- ","- ",32.800361633300781,-115.42192077636719,IMPERIAL,UNINCORPORATED,-115.42194366455078,32.80059814453125
91438512,2021,2021-03-29,9625,2021-03-20,1052,018368,,6,1,9,1300,0,1,3,,2,043,SR-86,"CORFMAN ROAD",500.00,E,N,A,-,Y,,,86,,,,,,,Y,4,0,2,2,A,-,08,22107,,N,B,C,A,A,H,-,A,D,0,,,,,Y,,D,22,0,0,2,0,0,0,0,0,0,"- ","- ",32.730701446533203,-115.54998779296875,IMPERIAL,UNINCORPORATED,-115.54998779296875,32.73065185546875
91439441,2021,2021-03-30,9625,2021-03-24,1745,019668,,3,2,9,1300,0,1,1,,2,005,"I-8 E/B","MILLER ROAD",2250.00,W,N,A,-,Y,,,8,,,,,,E,Y,4,0,1,2,A,-,03,22350,,N,C,C,A,A,H,-,A,D,0,,,,,Y,,A,08,0,0,1,0,0,0,0,0,0,"- ","- ",32.773258209228516,-115.31009674072266,IMPERIAL,UNINCORPORATED,-115.31009674072266,32.773181915283203
91441686,2021,2021-04-02,9625,2021-03-27,1604,018933,,6,2,9,1300,0,1,3,,1,011,SR-86,SR-78,0.00,,Y,A,-,Y,,,86,,,,,,,Y,3,0,3,2,A,-,09,21802,A,N,D,C,A,A,H,-,A,D,0,,,,,Y,,A,01,0,2,1,0,0,0,0,0,0,"- ","- ",33.125789642333984,-115.85546875,IMPERIAL,UNINCORPORATED,-115.85543823242188,33.125801086425781
91451399,2021,2021-04-15,9625,2021-04-05,1131,018933,,1,1,9,1300,0,3,5,,2,040,"ROSS ROAD","DREW ROAD",0.00,,Y,A,-,N,,,,,,,,,,N,3,0,1,2,A,-,11,21950,B,N,G,B,E,A,H,-,A,A,0,Y,,,,Y,,N,60,0,1,0,0,1,0,0,0,0,"- ","- ",32.785781860351562,-115.69039154052734,IMPERIAL,UNINCORPORATED,-115.69049072265625,32.785774230957031
91452409,2021,2021-04-16,9625,2021-04-10,2110,019225,,6,2,9,1300,0,3,5,,2,050,"KLOKE ROAD","WARE ROAD",2533.00,E,N,A,-,N,,,,,,,,,,Y,4,0,1,1,A,-,08,22107,,N,E,I,A,A,H,-,D,D,0,,,Y,,Y,,C,02,0,0,1,0,0,0,0,0,1,"- ","- ",32.708419799804688,-115.51728057861328,IMPERIAL,UNINCORPORATED,,
91452458,2021,2021-04-16,9625,2021-04-11,0950,018468,,7,1,9,1300,0,3,5,,2,050,"OLD HIGHWAY 111","ROBINSON ROAD",99.00,S,N,A,-,Y,,,111,,,,,,,Y,3,0,1,1,A,-,08,22107,,N,F,A,A,A,H,-,A,D,0,,,,,Y,,A,01,0,1,0,0,0,0,0,0,0,"- ","- ",32.854270935058594,-115.50998687744141,IMPERIAL,UNINCORPORATED,-115.50914001464844,32.854286193847656
91455541,2021,2021-04-21,9625,2021-04-15,1825,019225,,4,2,9,1300,0,1,3,,2,053,"SR-111 N/B TO I-8 W/B","INTERSTATE 8",168.00,N,N,A,-,Y,,,111,,,,R,,N,Y,2,0,1,1,A,-,03,22350,,N,F,A,A,A,H,-,A,D,0,,,Y,,Y,,C,02,1,0,0,0,0,0,0,0,1,"- ","- ",32.774490356445312,-115.50090026855469,IMPERIAL,UNINCORPORATED,-115.50090026855469,32.774490356445312
91459489,2021,2021-04-27,9625,2021-04-18,1710,018792,,7,2,9,1300,0,1,3,,1,012,"SR-86 N/B","TREADWELL BLVD",0.00,,Y,A,-,Y,,,86,,,,,,N,Y,3,0,4,2,A,-,01,23152,F,N,D,C,A,A,H,-,A,A,0,,,,,Y,,A,01,0,2,2,0,0,0,0,0,0,"- ","- ",33.327419281005859,-115.99994659423828,IMPERIAL,UNINCORPORATED,-115.99993133544922,33.327434539794922
91465212,2021,2021-05-04,9625,2021-04-25,0600,018368,,7,1,9,1300,0,1,1,,2,001,"I-8 E/B","IN-KO-PAH PARK ROAD",6059.00,E,N,A,-,Y,,,8,,,,,,E,Y,4,0,1,1,A,-,08,22107,,N,E,I,A,A,H,-,B,D,0,,,,,Y,,A,01,0,0,1,0,0,0,0,0,0,"- ","- ",32.656978607177734,-116.09691619873047,IMPERIAL,UNINCORPORATED,-116.09700012207031,32.657001495361328
91465677,2021,2021-05-04,9625,2021-04-28,0050,019668,,3,3,9,1300,0,1,1,,2,005,"I-8 E/B",SR-98,300.00,W,N,A,-,Y,,,8,,,,,,E,Y,3,0,1,1,A,-,08,22107,,N,E,I,A,A,H,-,C,D,0,,,,,Y,,D,22,0,1,0,0,0,0,0,0,0,"- ","- ",32.710651397705078,-115.0894775390625,IMPERIAL,UNINCORPORATED,-115.08951568603516,32.710525512695312
91471007,2021,2021-05-12,9625,2021-05-02,1500,018978,,7,2,9,1300,0,1,3,,1,021,"STATE ROUTE 111","GROSHEN ROAD",2323.00,N,N,A,-,Y,,,,,,,,,,Y,4,0,1,1,A,-,08,22107,,N,E,I,A,A,H,-,A,D,0,,,,,Y,,A,07,0,0,1,0,0,0,0,0,0,"- ","- ",33.035610198974609,-115.31326293945312,IMPERIAL,UNINCORPORATED,-115.52633666992188,33.065418243408203
91471091,2021,2021-05-12,9625,2021-05-03,0204,020111,,1,3,9,1300,0,1,1,,2,001,"I-8 E/B",SR-98,3333.00,W,N,A,-,Y,,,8,,,,,,E,Y,4,0,1,1,A,-,03,22350,,N,F,A,A,A,H,-,D,A,0,,,Y,,Y,,C,02,0,0,1,0,0,0,0,0,1,"- ","- ",32.725971221923828,-116.02953338623047,IMPERIAL,UNINCORPORATED,-116.029541015625,32.726020812988281
91471730,2021,2021-05-12,9625,2021-05-04,2035,019668,,2,2,9,1300,0,3,5,,2,040,"CROSS ROAD","VILLA ROAD",1584.00,N,N,A,-,N,,,,,,,,,,Y,4,0,1,2,A,-,08,22107,,N,B,C,A,A,H,-,D,D,0,,,,,Y,,A,07,0,0,1,0,0,0,0,0,0,"- ","- ",32.808311462402344,-115.55296325683594,IMPERIAL,UNINCORPORATED,-115.55277252197266,32.808147430419922
91471932,2021,2021-05-12,9625,2021-05-05,1645,019225,,3,2,9,1300,0,2,4,,2,057,"EVAN HEWES HIGHWAY E/B","ANDERHOLT ROAD",0.00,,Y,A,-,N,,,,,,,,,,Y,4,0,1,2,A,-,09,21804,A,N,D,C,A,A,H,-,A,D,0,,,,,Y,,D,22,0,0,1,0,0,0,0,0,0,"- ","- ",32.804908752441406,-115.41329193115234,IMPERIAL,UNINCORPORATED,-115.41339874267578,32.804946899414062
91472899,2021,2021-05-13,9625,2021-05-07,1615,019668,,5,2,9,1300,0,2,4,,2,045,"EVAN HEWES HIGHWAY","LOTUS ROAD",927.00,W,N,A,-,N,,,,,,,,,,Y,4,0,1,2,A,-,03,22350,,N,C,C,A,A,H,-,A,D,0,,,,,Y,,A,07,0,0,1,0,0,0,0,0,0,"- ","- ",32.796619415283203,-115.5877685546875,IMPERIAL,UNINCORPORATED,-115.58473968505859,32.796550750732422
91473127,2021,2021-05-13,9625,2021-05-04,0855,017727,,2,1,9,1300,0,3,5,,2,020,"WILKINSON ROAD","KAISER ROAD",1135.00,E,N,A,-,N,,,,,,,,,,N,3,0,1,1,A,-,08,22107,,N,F,A,A,A,H,-,A,D,0,,,,,Y,,A,07,0,1,0,0,0,0,0,0,0,"- ","- ",33.140201568603516,-115.38919830322266,IMPERIAL,UNINCORPORATED,-115.38563537597656,33.140048980712891
91481303,2021,2021-05-27,9625,2021-05-21,2349,021107,,5,3,9,1300,0,1,1,,2,003,"INTERSTATE 8 EASTBOUND","DUNAWAY ROAD",18850.00,W,N,A,-,Y,,,8,,,,,,E,Y,3,0,3,2,A,-,03,22350,,F,C,C,A,A,H,-,D,D,0,,,,,Y,Y,D,22,0,2,1,0,0,0,0,0,0,"- ","- ",32.757419586181641,-115.86052703857422,IMPERIAL,UNINCORPORATED,-115.86053466796875,32.757469177246094
91486519,2021,2021-06-01,9625,2021-05-20,0040,022010,,4,3,9,1300,0,1,3,,1,044,"SR-86 N/B","KEYSTONE ROAD",12672.00,N,N,A,-,Y,,,86,,,,,,N,Y,4,0,1,1,A,-,01,23152,F,N,E,I,A,A,H,-,D,D,0,,,,,Y,,A,01,0,0,1,0,0,0,0,0,0,"- ","- ",32.948318481445312,-115.56964874267578,IMPERIAL,UNINCORPORATED,-115.56979370117188,32.948390960693359
91486950,2021,2021-06-01,9625,2021-05-21,1519,018933,,5,2,9,1300,0,1,1,,2,003,"I-8 E/B","IMPERIAL HIGHWAY",3432.00,E,N,A,-,Y,,,8,,,,,,E,Y,3,0,1,1,A,-,08,22107,,N,F,A,A,A,H,-,A,D,0,,,,,Y,,D,22,0,1,0,0,0,0,0,0,0,"- ","- ",32.736499786376953,-115.98338317871094,IMPERIAL,UNINCORPORATED,-115.98339080810547,32.736553192138672
91491114,2021,2021-06-07,9625,2021-05-21,1952,018933,,5,2,9,1300,0,1,1,,2,003,"E/B I-8","DUNAWAY ROAD",18650.00,W,N,A,-,Y,,,8,,,,,,,Y,3,0,1,1,A,-,01,23152,G,N,F,A,A,A,H,-,D,D,0,,,,,Y,Y,A,01,0,1,0,0,0,0,0,0,0,"- ","- ",32.757789611816406,-115.85967254638672,IMPERIAL,UNINCORPORATED,-115.85969543457031,32.757957458496094
91491810,2021,2021-06-08,9625,2021-05-28,0350,020738,,5,3,9,1300,0,1,1,,2,002,"I-8 WESTBOUND","WEST SR-98",9398.00,W,N,A,G,Y,,,8,,,,,,W,N,3,0,2,1,A,-,08,22107,,N,F,A,A,A,H,-,D,D,0,,,,,Y,,A,07,0,1,1,0,0,0,0,0,0,"- ","- ",32.727218627929688,-116.05074310302734,IMPERIAL,UNINCORPORATED,-116.05072784423828,32.727275848388672
91492341,2021,2021-06-08,9620,2021-04-23,0815,018028,,5,1,9,1300,0,1,1,,2,081,"INTERSTATE 8 E/B","GORDONS WELL RD. O/C",8131.00,W,N,A,-,Y,,,8,,,,,,E,Y,1,1,3,2,A,-,08,22107,,N,F,A,A,A,H,-,A,D,0,,,,,Y,,E,22,1,2,0,0,0,0,0,0,0,"- ","- ",32.707939147949219,-114.9835205078125,IMPERIAL,UNINCORPORATED,-114.9835205078125,32.707927703857422
91492418,2021,2021-06-08,9625,2021-05-31,1052,018468,,1,1,9,1300,0,3,5,,2,040,"LA BRUCHERIE ROAD","WAHL ROAD",32.00,N,N,A,-,N,,,,,,,,,,Y,4,0,1,1,A,-,03,22350,,N,F,A,A,A,H,-,A,D,0,,,,Y,Y,,F,27,0,0,1,0,0,0,0,0,0,"- ","- ",32.723548889160156,-115.57752990722656,IMPERIAL,UNINCORPORATED,-115.57752990722656,32.723499298095703
91492434,2021,2021-06-08,9625,2021-06-02,1330,019225,,3,1,9,1300,0,3,5,,2,050,"BONDS CORNER ROAD","HUNT ROAD",300.00,S,N,A,-,N,,,,,,,,,,Y,4,0,1,1,A,-,08,22107,,N,F,A,A,A,H,-,A,D,0,,,,,Y,,D,22,0,0,1,0,0,0,0,0,0,"- ","- ",32.763450622558594,-115.33719635009766,IMPERIAL,UNINCORPORATED,-115.337158203125,32.765491485595703
91493913,2021,2022-07-01,9625,2021-05-30,2355,020111,,7,3,9,1300,0,3,5,,2,040,"WEIMAN ROAD","CADY ROAD",20.00,S,N,A,-,N,,,,,,,,,,Y,3,0,1,1,A,-,08,22107,,N,E,I,A,A,H,-,C,A,0,,,,,Y,,A,07,0,1,0,0,0,0,0,0,0,"- ","- ",32.977249145507812,-115.65865325927734,IMPERIAL,UNINCORPORATED,-115.65865325927734,32.97735595703125
91499833,2021,2021-06-17,9625,2021-06-08,2140,018933,,2,2,9,1300,0,1,3,,1,011,"SR-86 S/B","KALIN ROAD",0.00,,Y,A,-,Y,,,86,,,,,,S,Y,3,0,4,2,A,-,09,21802,A,N,A,C,A,A,H,-,D,A,0,,,,,Y,,A,01,0,4,0,0,0,0,0,0,0,"- ","- ",32.984718322753906,-115.57826995849609,IMPERIAL,UNINCORPORATED,-115.57823944091797,32.984748840332031
91500739,2021,2021-06-18,9625,2021-06-04,2342,021107,,5,3,9,1300,0,1,3,,1,022,"DAVIS ROAD","STATE ROUTE 111",3.00,W,N,A,-,N,,,,,,,,,,Y,3,0,3,1,A,-,08,22107,,N,F,A,A,A,H,-,C,D,0,,,,,Y,,A,07,0,2,1,0,0,0,0,0,0,"- ","- ",33.284450531005859,-115.57943725585938,IMPERIAL,UNINCORPORATED,-115.57894134521484,33.285243988037109
91500753,2021,2021-06-18,9625,2021-06-03,2330,022010,,4,3,9,1300,0,1,1,,2,002,"I-8 E/B","IN KO PAH PARK ROAD",2640.00,E,N,G,-,Y,,,8,,,,,,E,Y,3,0,1,1,A,-,08,22107,,N,F,A,A,A,H,-,D,D,0,,,,,Y,,A,01,0,1,0,0,0,0,0,0,0,"- ","- ",32.649051666259766,-116.10275268554688,IMPERIAL,UNINCORPORATED,-116.10279846191406,32.649089813232422
91501808,2021,2021-06-21,9625,2021-06-14,1828,018792,,1,2,9,1300,0,3,5,,2,010,"KALIN ROAD","WALKER ROAD",320.00,S,N,A,-,N,,,,,,,,,,Y,2,0,1,1,A,-,01,23152,A,N,F,A,A,A,H,-,A,D,0,,,,,Y,Y,D,22,1,0,0,0,0,0,0,0,0,"- ","- ",33.072669982910156,-115.57850646972656,IMPERIAL,UNINCORPORATED,-115.57883453369141,33.074249267578125
91503871,2021,2021-06-23,9625,2021-06-16,1650,018933,,3,2,9,1300,0,3,5,,2,010,"DIAMOND AVENUE","DIAMOND PLACE",133.00,E,N,A,-,N,,,,,,,,,,N,3,0,1,1,A,-,21,22106,,N,H,A,A,A,H,-,A,D,0,,,,,Y,,A,01,0,1,0,0,0,0,0,0,0,"- ","- ",33.289539337158203,-115.35321807861328,IMPERIAL,UNINCORPORATED,-115.96662902832031,33.289543151855469