CASE_ID,ACCIDENT_YEAR,PROC_DATE,JURIS,COLLISION_DATE,COLLISION_TIME,OFFICER_ID,REPORTING_DISTRICT,DAY_OF_WEEK,CHP_SHIFT,POPULATION,CNTY_CITY_LOC,SPECIAL_COND,BEAT_TYPE,CHP_BEAT_TYPE,CITY_DIVISION_LAPD,CHP_BEAT_CLASS,BEAT_NUMBER,PRIMARY_RD,SECONDARY_RD,DISTANCE,DIRECTION,INTERSECTION,WEATHER_1,WEATHER_2,STATE_HWY_IND,CALTRANS_COUNTY,CALTRANS_DISTRICT,STATE_ROUTE,ROUTE_SUFFIX,POSTMILE_PREFIX,POSTMILE,LOCATION_TYPE,RAMP_INTERSECTION,SIDE_OF_HWY,TOW_AWAY,COLLISION_SEVERITY,NUMBER_KILLED,NUMBER_INJURED,PARTY_COUNT,PRIMARY_COLL_FACTOR,PCF_CODE_OF_VIOL,PCF_VIOL_CATEGORY,PCF_VIOLATION,PCF_VIOL_SUBSECTION,HIT_AND_RUN,TYPE_OF_COLLISION,MVIW,PED_ACTION,ROAD_SURFACE,ROAD_COND_1,ROAD_COND_2,LIGHTING,CONTROL_DEVICE,CHP_ROAD_TYPE,PEDESTRIAN_ACCIDENT,BICYCLE_ACCIDENT,MOTORCYCLE_ACCIDENT,TRUCK_ACCIDENT,NOT_PRIVATE_PROPERTY,ALCOHOL_INVOLVED,STWD_VEHTYPE_AT_FAULT,CHP_VEHTYPE_AT_FAULT,COUNT_SEVERE_INJ,COUNT_VISIBLE_INJ,COUNT_COMPLAINT_PAIN,COUNT_PED_KILLED,COUNT_PED_INJURED,COUNT_BICYCLIST_KILLED,COUNT_BICYCLIST_INJURED,COUNT_MC_KILLED,COUNT_MC_INJURED,PRIMARY_RAMP,SECONDARY_RAMP,LATITUDE,LONGITUDE,COUNTY,CITY,POINT_X,POINT_Y
91504538,2021,2021-06-23,9625,2021-06-09,1030,018930,,3,1,9,1300,0,1,3,,1,051,SR-7,"MAGGIO ROAD",35.00,S,N,A,-,Y,,,7,,,,,,,N,3,0,1,2,A,-,03,22350,,N,C,C,A,A,H,-,A,A,0,,,,Y,Y,,F,25,0,1,0,0,0,0,0,0,0,"- ","- ",32.686210632324219,-115.38040924072266,IMPERIAL,UNINCORPORATED,-115.38040161132812,32.686203002929688
91512394,2021,2021-07-02,9625,2021-06-25,1410,018978,,5,2,9,1300,0,1,1,,2,003,"INTERSTATE 8 (EASTBOUND)","DREW ROAD",580.00,E,N,A,-,Y,,,8,,,,,,,Y,4,0,1,1,A,-,08,22107,,N,F,I,A,A,H,-,A,D,0,,,,,Y,,A,01,0,0,1,0,0,0,0,0,0,"- ","- ",32.773811340332031,-115.68866729736328,IMPERIAL,UNINCORPORATED,-115.68866729736328,32.773849487304688
91513807,2021,2021-07-06,9620,2021-05-16,2025,018535,,7,2,9,1300,0,1,1,,2,082,"INTERSTATE 8 EASTBOUND","OGILBY ROAD",6442.00,E,N,A,-,Y,,,8,,,,,,E,Y,1,1,1,3,A,-,11,21954,A,N,G,B,D,A,H,-,D,D,0,Y,,,,Y,,N,60,1,0,0,1,1,0,0,0,0,"- ","- ",32.756828308105469,-114.81619262695312,IMPERIAL,UNINCORPORATED,-114.81616973876953,32.756931304931641
91516137,2021,2021-07-08,9625,2021-06-28,1412,018933,,1,2,9,1300,0,3,5,,2,040,"CLARK ROAD","HEBER ROAD",0.00,,Y,A,-,N,,,,,,,,,,Y,3,0,2,2,A,-,09,21802,A,N,D,C,A,A,H,-,A,A,0,,,,,Y,,D,22,0,2,0,0,0,0,0,0,0,"- ","- ",32.730628967285156,-115.560302734375,IMPERIAL,UNINCORPORATED,-115.56031799316406,32.730640411376953
91516183,2021,2021-07-08,9625,2021-06-27,0210,020263,,7,3,9,1300,0,3,5,,2,050,"BOWKER ROAD","HEBER ROAD",500.00,N,N,A,-,N,,,,,,,,,,Y,3,0,1,1,A,-,01,23152,G,N,E,I,A,A,H,-,D,D,0,,,,,Y,,A,01,0,1,0,0,0,0,0,0,0,"- ","- ",32.732158660888672,-115.46521759033203,IMPERIAL,UNINCORPORATED,-115.46504974365234,32.731716156005859
91516198,2021,2021-07-08,9625,2021-06-29,0025,020111,,2,3,9,1300,0,3,5,,2,040,"SHARTZ RD","DOGWOOD ROAD",90.00,W,N,A,-,N,,,,,,,,,,Y,3,0,1,1,A,-,01,23152,A,N,E,I,A,A,H,-,D,A,0,,,,,Y,Y,A,01,0,1,0,0,0,0,0,0,0,"- ","- ",32.941749572753906,-115.5361328125,IMPERIAL,UNINCORPORATED,-115.53583526611328,32.941783905029297
91518854,2021,2021-07-13,9625,2021-05-29,1431,018933,,6,2,9,1300,0,1,1,,2,001,"I-8 E/B","MOUNTAIN SPRINGS ROAD",1180.00,W,N,A,-,Y,,,8,,,,,,E,Y,1,1,0,1,A,-,03,22350,,N,E,I,A,A,H,-,A,D,0,,,Y,,Y,,C,02,0,0,0,0,0,0,0,1,0,"- ","- ",32.677780151367188,-116.10302734375,IMPERIAL,UNINCORPORATED,-116.10302734375,32.677745819091797
91519305,2021,2021-07-13,9625,2021-07-02,1935,019225,,5,2,9,1300,0,2,4,,2,046,"DOGWOOD ROAD","MCCABE ROAD",1200.00,N,N,A,-,N,,,,,,,,,,Y,3,0,1,2,A,-,01,23152,F,N,C,C,A,A,H,-,D,D,0,,,,,Y,,A,01,0,1,0,0,0,0,0,0,0,"- ","- ",32.756549835205078,-115.53479766845703,IMPERIAL,UNINCORPORATED,-115.53481292724609,32.755641937255859
91519316,2021,2021-07-13,9625,2021-07-02,2050,018792,,5,2,9,1300,0,3,5,,2,010,"FORRESTER ROAD","BANNISTER ROAD",6230.00,N,N,A,-,N,,,,,,,,,,Y,3,0,2,1,A,-,03,22350,,N,E,A,A,A,H,-,D,D,0,,,Y,,Y,,C,02,0,2,0,0,0,0,0,0,2,"- ","- ",33.069019317626953,-115.62164306640625,IMPERIAL,UNINCORPORATED,-115.62162017822266,33.068927764892578
91520999,2021,2021-07-15,9625,2021-07-06,0747,018468,,2,1,9,1300,0,2,4,,2,046,"DOGWOOD ROAD","WILLOUGHBY ROAD",0.00,,Y,A,-,N,,,,,,,,,,N,4,0,2,2,A,-,09,21802,A,N,D,C,A,A,H,-,A,A,0,,,,,Y,,D,22,0,0,2,0,0,0,0,0,0,"- ","- ",32.708408355712891,-115.53395843505859,IMPERIAL,UNINCORPORATED,-115.53408050537109,32.708446502685547
91521433,2021,2021-07-15,9625,2021-07-09,0907,018468,,5,1,9,1300,0,1,3,,1,042,"STATE ROUTE 98","DOGWOOD ROAD",1531.00,W,N,A,-,Y,,,98,,,,,,,Y,4,0,1,2,A,-,09,21801,A,N,D,C,A,A,H,-,A,D,0,,,,,Y,,D,22,0,0,1,0,0,0,0,0,0,"- ","- ",32.679248809814453,-115.53350830078125,IMPERIAL,UNINCORPORATED,-115.53350830078125,32.679241180419922
91524887,2021,2021-07-20,9625,2021-07-10,1504,018792,,6,2,9,1300,0,1,3,,1,012,SR-86,"SOUTH MARINA DRIVE",0.00,,Y,A,-,Y,,,86,,,,,,,Y,4,0,2,2,A,-,09,21453,C,F,D,C,A,A,H,-,A,A,0,,,,,Y,,A,07,0,0,2,0,0,0,0,0,0,"- ","- ",33.279079437255859,-115.96440887451172,IMPERIAL,UNINCORPORATED,-115.96439361572266,33.279094696044922
91528852,2021,2021-07-26,9625,2021-07-14,0930,017727,,3,1,9,1300,0,1,3,,2,024,SR-78,"WHITLOCK ROAD",105.00,E,N,A,-,Y,,,78,,,,,,,Y,3,0,1,1,A,-,01,23152,A,N,F,A,A,A,H,-,A,D,0,,,,,Y,Y,A,01,0,1,0,0,0,0,0,0,0,"- ","- ",32.974498748779297,-115.29440307617188,IMPERIAL,UNINCORPORATED,-115.29438781738281,32.974536895751953
91532140,2021,2021-07-29,9625,2021-07-19,0619,018368,,1,1,9,1300,0,1,1,,2,003,"I-8 E/B","IMPERIAL HIGHWAY",4366.00,W,N,A,-,Y,,,8,,,,,,E,Y,3,0,1,1,A,-,08,22107,,N,F,I,A,A,H,-,A,D,0,,,,,Y,,A,01,0,1,0,0,0,0,0,0,0,"- ","- ",32.731319427490234,-116.00811004638672,IMPERIAL,UNINCORPORATED,-116.00811767578125,32.731369018554688
91535158,2021,2021-08-02,9625,2021-07-21,1301,018933,,3,1,9,1300,0,2,4,,2,047,"WORTHINGTON ROAD","FORRESTER ROAD",0.00,,Y,A,-,N,,,,,,,,,,Y,3,0,2,2,A,-,09,21802,A,N,D,C,A,A,H,-,A,A,0,,,,,Y,,D,22,0,2,0,0,0,0,0,0,0,"- ","- ",32.847408294677734,-115.62074279785156,IMPERIAL,UNINCORPORATED,-115.62075805664062,32.847389221191406
91535186,2021,2021-08-02,9625,2021-07-22,0933,018468,,4,1,9,1300,0,1,1,,2,003,"INTERSTATE 8 (E/B)","WESTSIDE ROAD",1534.00,W,N,A,-,Y,,,8,,,,,,,Y,3,0,1,2,A,-,03,22350,,N,C,C,A,A,H,-,A,D,0,,,,Y,Y,,A,07,0,1,0,0,0,0,0,0,0,"- ","- ",32.773899078369141,-115.73828125,IMPERIAL,UNINCORPORATED,-115.73828125,32.773914337158203
91536108,2021,2021-08-03,9625,2021-07-25,0916,018933,,7,1,9,1300,0,1,3,,1,022,SR-111,"HOT MINERAL SPA ROAD",5070.00,S,N,B,-,Y,,,111,,,,,,,Y,3,0,1,1,A,-,08,22107,,N,F,I,A,A,H,-,A,D,0,,,,,Y,,A,01,0,1,0,0,0,0,0,0,0,"- ","- ",33.371479034423828,-115.67746734619141,IMPERIAL,UNINCORPORATED,-115.677490234375,33.371433258056641
91536866,2021,2021-08-04,9625,2021-07-25,0230,020111,,7,3,9,1300,0,3,5,,2,050,"BARBRA WORTH ROAD","EVAN HEWES HWY",2112.00,S,N,A,-,N,,,,,,,,,,Y,3,0,1,1,A,-,08,22107,,N,E,I,A,A,H,-,D,D,0,,,,,Y,Y,A,01,0,1,0,0,0,0,0,0,0,"- ","- ",32.798240661621094,-115.43051147460938,IMPERIAL,UNINCORPORATED,-115.43047332763672,32.797981262207031
91536892,2021,2021-08-04,9625,2021-07-31,1405,019225,,6,2,9,1300,0,1,1,,2,005,"E/B I-8 TO S/B SR-111","INTERSTATE 8",900.00,S,N,A,-,Y,,,,,,,,,,N,4,0,1,1,A,-,08,22107,,N,E,I,A,A,H,-,A,D,0,,,,,Y,,A,01,0,0,1,0,0,0,0,0,0,"- ","- ",,,IMPERIAL,UNINCORPORATED,-115.56105804443359,32.77130126953125
91538154,2021,2021-08-05,9625,2021-07-31,0525,018368,,6,3,9,1300,0,3,5,,2,010,"BEST ROAD","WARD ROAD",1988.00,N,N,A,-,N,,,,,,,,,,Y,4,0,1,2,A,-,03,22350,,N,C,D,A,A,H,-,A,D,0,,,,,Y,,A,01,0,0,1,0,0,0,0,0,0,"- ","- ",33.020980834960938,-115.50917816162109,IMPERIAL,UNINCORPORATED,-115.50921630859375,33.021030426025391
91538576,2021,2021-08-06,9625,2021-07-25,1406,018978,,7,2,9,1300,0,1,3,,1,012,"STATE ROUTE 86 N/B","TREADWELL BLVD",0.00,,Y,A,-,Y,,,86,,,,,,N,Y,3,0,2,3,A,-,09,21804,A,N,D,C,A,A,H,-,A,A,0,,,,,Y,,A,01,0,1,1,0,0,0,0,0,0,"- ","- ",33.328498840332031,-116.00067138671875,IMPERIAL,UNINCORPORATED,-116.00070953369141,33.328472137451172
91538758,2021,2021-08-06,9625,2021-07-27,0533,020263,,2,3,9,1300,0,1,3,,2,053,"SR-111 S/B",SR-86,0.00,,Y,A,-,Y,,,111,,,,,,S,Y,2,0,2,2,A,-,12,21453,A,N,D,C,A,A,H,-,B,A,0,,,,,Y,,A,07,1,0,1,0,0,0,0,0,0,"- ","- ",32.730659484863281,-115.50050354003906,IMPERIAL,UNINCORPORATED,-115.50040435791016,32.730663299560547
91541471,2021,2021-08-10,9620,2021-07-12,2038,019291,,1,2,9,1300,0,1,1,,2,081,"I-8 W/B","GORDONS WELL RD",7920.00,W,N,A,-,Y,,,8,,,,,,W,N,1,1,0,2,A,-,11,21954,A,N,G,B,D,A,H,-,D,D,0,Y,,,,Y,,N,60,0,0,0,1,0,0,0,0,0,"- ","- ",32.710491180419922,-114.93183135986328,IMPERIAL,UNINCORPORATED,-114.93182373046875,32.710472106933594
91543721,2021,2021-08-12,9625,2021-08-03,0635,017727,,2,1,9,1300,0,1,3,,1,012,"SR-86 (N/B)","TREADWELL BLVD",78.00,N,N,A,-,Y,,,86,,,,,,,Y,3,0,1,1,A,-,08,22107,,N,E,I,A,A,H,-,B,D,0,,,,,Y,,A,07,0,1,0,0,0,0,0,0,0,"- ","- ",33.327690124511719,-116.00007629394531,IMPERIAL,UNINCORPORATED,-116.00010681152344,33.327671051025391
91543842,2021,2021-08-12,9625,2021-08-02,1610,019668,,1,2,9,1300,0,1,3,,2,053,"SR-111 N/B","HEBER ROAD",2152.00,S,N,A,-,Y,,,,,,,,,,Y,3,0,2,4,A,-,08,22107,,N,B,C,A,A,H,-,A,D,0,,,,,Y,,A,01,0,1,1,0,0,0,0,0,0,"- ","- ",,,IMPERIAL,UNINCORPORATED,-115.50019836425781,32.724788665771484
91549033,2021,2021-08-19,9625,2021-08-08,0040,022010,,7,3,9,1300,0,1,3,,1,044,"SR-86 N/B","HARRIS ROAD",54.00,S,N,A,-,Y,,,86,,,,,,N,Y,3,0,1,1,A,-,08,22107,,N,E,I,A,A,H,-,D,D,0,,,,,Y,,A,01,0,1,0,0,0,0,0,0,0,"- ","- ",32.883800506591797,-115.57008361816406,IMPERIAL,UNINCORPORATED,-115.57022857666016,32.883800506591797
91549176,2021,2021-08-19,9625,2021-08-13,1710,019667,,5,2,9,1300,0,3,5,,2,040,"ROSS ROAD","FORRESTER ROAD",1731.00,E,N,A,-,N,,,,,,,,,,N,3,0,2,1,A,-,08,22107,,N,E,I,A,A,H,-,A,D,0,,,,,Y,,A,07,0,1,1,0,0,0,0,0,0,"- ","- ",32.781551361083984,-115.61456298828125,IMPERIAL,UNINCORPORATED,-115.61503601074219,32.781425476074219
91554188,2021,2021-08-25,9625,2021-06-22,0145,020263,,2,3,9,1300,0,1,3,,1,021,SR-111,"BAUGHMAN ROAD",210.00,N,N,A,-,Y,,,111,,,,,,,N,1,1,0,2,A,-,00,21971,,F,G,B,E,A,H,-,D,D,0,Y,,,,Y,,N,60,0,0,0,1,0,0,0,0,0,"- ","- ",33.031230926513672,-115.52671813964844,IMPERIAL,UNINCORPORATED,-115.52687835693359,33.031230926513672
91555374,2021,2021-08-26,9625,2021-08-25,0710,018368,,3,1,9,1300,0,2,4,,2,047,"FORRESTER ROAD","HACKLEMAN ROAD",106.00,N,N,A,-,Y,,,,,,,,,,Y,3,0,1,1,A,-,08,22107,,N,E,I,A,A,H,-,A,D,0,,,,,Y,,A,01,0,1,0,0,0,0,0,0,0,"- ","- ",32.811771392822266,-115.62045288085938,IMPERIAL,UNINCORPORATED,-115.62065887451172,32.811389923095703
91557211,2021,2021-08-27,9625,2021-07-14,1430,018792,,3,2,9,1300,0,2,4,,2,047,"FORRESTER ROAD","CADY ROAD",2534.00,N,N,A,-,N,,,,,,,,,,Y,1,1,2,1,A,-,01,23152,A,N,F,A,A,A,H,-,A,D,0,,,,,Y,Y,D,22,2,0,0,0,0,0,0,0,0,"- ","- ",32.984329223632812,-115.62403869628906,IMPERIAL,UNINCORPORATED,-115.62407684326172,32.984317779541016
91558243,2021,2021-08-30,9625,2021-08-22,1910,019667,,7,2,9,1300,0,1,3,,1,054,"KEYSTONE ROAD",SR-111,0.00,,Y,A,-,Y,,,,,,,,,,N,2,0,5,2,A,-,12,21453,A,N,D,C,A,A,H,-,B,A,0,,,,,Y,,A,01,4,1,0,0,0,0,0,0,0,"- ","- ",32.913959503173828,-115.50927734375,IMPERIAL,UNINCORPORATED,-115.50896453857422,32.912666320800781
91561668,2021,2021-09-02,9625,2021-08-29,1753,018792,,7,2,9,1300,0,1,3,,1,011,"SR-86 S/B","KALIN RD",0.00,,Y,A,-,Y,,,86,,,,,,S,Y,3,0,3,2,A,-,09,21802,A,N,D,C,A,A,H,-,A,A,0,,,,,Y,,A,01,0,3,0,0,0,0,0,0,0,"- ","- ",32.984691619873047,-115.57823181152344,IMPERIAL,UNINCORPORATED,-115.57820892333984,32.984710693359375
91565506,2021,2021-09-08,9625,2021-09-04,0210,021107,,6,3,9,1300,0,3,5,,2,040,"SILSBEE ROAD","ATEN ROAD",41.00,S,N,A,-,N,,,,,,,,,,Y,3,0,2,1,A,-,08,22107,,N,E,I,A,A,H,-,D,D,0,,,,,Y,,A,07,0,2,0,0,0,0,0,0,0,"- ","- ",32.825431823730469,-115.64643859863281,IMPERIAL,UNINCORPORATED,-115.64643096923828,32.825416564941406
91565516,2021,2021-09-08,9625,2021-09-07,1515,018468,,2,2,9,1300,0,3,5,,2,010,"INDIAN OCEAN AVENUE","STARDUST AVENUE",24.00,E,N,A,-,N,,,,,,,,,,N,2,0,1,1,A,-,08,22107,,N,E,I,A,A,H,-,A,D,0,,,Y,,Y,,C,06,1,0,0,0,0,0,0,0,1,"- ","- ",33.336681365966797,-115.97157287597656,IMPERIAL,UNINCORPORATED,-115.97173309326172,33.336688995361328
91565657,2021,2021-09-08,9625,2021-08-03,1535,019667,,2,2,9,1300,0,2,4,,2,046,"WILLOUGHBY ROAD","DOGWOOD ROAD",0.00,,Y,A,-,N,,,,,,,,,,Y,1,1,1,2,A,-,09,21802,A,N,D,C,A,A,H,-,A,A,0,,,,,Y,,A,07,0,1,0,0,0,0,0,0,0,"- ","- ",32.708480834960938,-115.53388977050781,IMPERIAL,UNINCORPORATED,-115.53408050537109,32.708446502685547
91566568,2021,2021-09-17,9625,2021-08-30,0251,018978,,1,3,9,1300,0,1,1,,2,006,"INTERSTATE 8 W/B","DOGWOOD ROAD",4860.00,E,N,A,-,Y,,,8,,,,,,W,Y,2,0,1,2,A,-,01,23152,A,N,C,C,A,A,H,-,C,D,0,,,,,Y,Y,A,01,1,0,0,0,0,0,0,0,0,"- ","- ",32.773708343505859,-115.5189208984375,IMPERIAL,UNINCORPORATED,-115.5189208984375,32.773990631103516
91569879,2021,2021-09-14,9625,2021-09-03,1317,018978,,5,1,9,1300,0,2,4,,2,046,"DOGWOOD ROAD","COLE ROAD",0.00,,Y,A,-,N,,,,,,,,,,N,3,0,1,2,A,-,09,21801,A,N,D,C,A,A,H,-,A,D,0,,,,,Y,,A,01,0,1,0,0,0,0,0,0,0,"- ","- ",32.693981170654297,-115.53397369384766,IMPERIAL,UNINCORPORATED,-115.53398132324219,32.694004058837891
91570239,2021,2021-09-14,9625,2021-09-01,1000,016248,,3,1,9,1300,0,1,1,,2,001,"I-8 E/B","MOUNTAIN SPRINGS ROAD",307.00,W,N,A,-,Y,,,8,,,,,,E,N,3,0,2,2,A,-,03,22350,,N,C,C,A,A,H,-,A,D,0,,,,Y,Y,,A,01,0,1,1,0,0,0,0,0,0,"- ","- ",32.676479339599609,-116.099853515625,IMPERIAL,UNINCORPORATED,-116.09984588623047,32.676490783691406
91571951,2021,2021-09-16,9625,2021-09-07,0420,018930,,2,3,9,1300,0,3,5,,2,050,"COLE ROAD","PRUETT ROAD",241.00,W,N,A,-,N,,,,,,,,,,Y,2,0,1,1,A,-,08,22107,,N,E,I,A,A,H,-,C,D,0,,,Y,,Y,,C,02,1,0,0,0,0,0,0,0,1,"- ","- ",32.694011688232422,-115.51423645019531,IMPERIAL,UNINCORPORATED,-115.51213836669922,32.6939697265625
91572515,2021,2021-09-16,9625,2021-09-04,1640,022010,,6,2,9,1300,0,3,5,,2,050,"YOURMAN ROAD","HEBER ROAD",0.00,,Y,A,-,N,,,,,,,,,,Y,4,0,2,2,A,-,12,22450,A,N,D,C,A,A,H,-,A,A,0,,,,,Y,,A,07,0,0,2,0,0,0,0,0,0,"- ","- ",32.730751037597656,-115.49857330322266,IMPERIAL,UNINCORPORATED,-115.49834442138672,32.730678558349609
91573112,2021,2021-09-17,9625,2021-09-07,0711,018368,,2,1,2,1306,1,2,4,,2,047,"FORRESTER ROAD","ATEN ROAD",0.00,,Y,A,-,N,,,,,,,,,,Y,3,0,2,3,A,-,12,22450,A,N,D,C,A,A,H,-,A,A,0,,,,,Y,,A,01,0,1,1,0,0,0,0,0,0,"- ","- ",32.825550079345703,-115.62074279785156,IMPERIAL,IMPERIAL,-115.61183166503906,32.810840606689453
91580328,2021,2021-09-27,9625,2021-09-19,1905,019225,,7,2,9,1300,0,1,3,,2,053,"SR-111 S/B","JASPER ROAD",1841.00,N,N,A,-,Y,,,111,,,,,,S,N,4,0,2,3,A,-,08,22107,,N,G,B,E,A,H,-,D,D,0,Y,,,,Y,,A,01,0,0,2,0,2,0,0,0,0,"- ","- ",32.713848114013672,-115.49961853027344,IMPERIAL,UNINCORPORATED,-115.49946594238281,32.713851928710938
91589852,2021,2021-10-06,9620,2021-09-30,0010,020054,,4,3,9,1300,0,1,1,,2,081,"W/B I-8","SAND HILLS REST AREA",2006.00,W,N,A,-,Y,,,8,,,,,,,Y,3,0,1,1,C,-,18,,,N,H,A,A,A,H,-,D,D,0,,,,,Y,Y,-,"- ",0,1,0,0,0,0,0,0,0,"- ","- ",32.734390258789062,-114.89746856689453,IMPERIAL,UNINCORPORATED,-114.89749145507812,32.734439849853516
91593945,2021,2021-10-12,9620,2021-10-04,1115,018247,Quech,1,1,9,1300,0,2,4,,1,075,"QUECHAN DRIVE","AGNES ROAD",0.00,,Y,A,-,N,,,,,,,,,,Y,4,0,1,2,A,-,09,21804,A,N,D,C,A,A,H,-,A,A,0,,,,,Y,,A,01,0,0,1,0,0,0,0,0,0,"- ","- ",32.735279083251953,-114.61544036865234,IMPERIAL,UNINCORPORATED,-114.61545562744141,32.735260009765625
91596279,2021,2021-10-14,9625,2021-10-12,1510,019667,,2,2,9,1300,0,1,1,,2,004,"I-8 W/B TO 4TH STREET","4TH STREET",390.00,E,N,A,-,Y,,,,,,,,,,Y,4,0,1,2,A,-,03,22350,,N,C,C,A,A,H,-,A,D,0,,,,,Y,,A,01,0,0,1,0,0,0,0,0,0,"- ","- ",32.774169921875,-115.55078125,IMPERIAL,UNINCORPORATED,-115.54885101318359,32.773868560791016
91604106,2021,2021-10-22,9620,2021-09-29,0500,014306,,3,3,9,1300,0,1,1,,2,081,"I-8 E/B","BROCK RESEARCH CENTER RD.",10032.00,E,N,B,-,Y,,,8,,,,,,E,N,1,1,0,2,A,-,11,21954,A,N,G,B,D,A,H,-,D,D,0,Y,,,,Y,,N,60,0,0,0,1,0,0,0,0,0,"- ","- ",32.707820892333984,-115.00196838378906,IMPERIAL,UNINCORPORATED,-115.00196838378906,32.707771301269531
91605803,2021,2021-10-25,9620,2021-10-21,1634,018464,,4,2,9,1300,0,1,1,,2,081,"INTERSTATE 8 (E/B)","GORDONS WELL ROAD",12144.00,E,N,A,-,Y,,,8,,,,,,,Y,4,0,1,2,A,-,08,22107,,N,D,C,A,A,H,-,A,D,0,,,,Y,Y,,A,01,0,0,1,0,0,0,0,0,0,"- ","- ",32.716850280761719,-114.91873931884766,IMPERIAL,UNINCORPORATED,-114.91873931884766,32.716850280761719
91608047,2021,2021-10-27,9625,2021-10-21,1905,020263,,4,2,9,1300,0,1,3,,2,052,SR-98,I-8,29146.00,W,N,A,-,N,,,98,,,,,,,Y,2,0,9,2,A,-,08,22107,,N,D,C,A,A,H,-,D,D,0,,,,,Y,,D,22,7,2,0,0,0,0,0,0,0,"- ","- ",32.711391448974609,-115.18316650390625,IMPERIAL,UNINCORPORATED,-115.18317413330078,32.711246490478516
91628219,2021,2021-11-18,9625,2021-11-11,2305,020996,,4,3,9,1300,0,1,3,,1,054,"SR-111 N/B","HARRIS ROAD",2112.00,S,N,A,-,Y,,,111,,,,,,N,Y,3,0,1,1,A,-,08,22107,,N,E,I,A,A,H,-,D,D,0,,,,,Y,,A,01,0,1,0,0,0,0,0,0,0,"- ","- ",32.877460479736328,-115.50892639160156,IMPERIAL,UNINCORPORATED,-115.50914001464844,32.877460479736328
91632547,2021,2021-11-22,9625,2021-11-10,2250,021232,,3,3,9,1300,0,1,3,,2,025,SR-78,"BUTTERS ROAD",0.00,,Y,A,-,Y,,,78,,,,,,,Y,3,0,1,2,A,-,12,22450,A,N,D,C,A,A,H,-,D,A,0,,,,Y,Y,,G,25,0,1,0,0,0,0,0,0,0,"- ","- ",32.974639892578125,-115.37178039550781,IMPERIAL,UNINCORPORATED,-115.37178039550781,32.974662780761719
91633104,2021,2021-11-23,9625,2021-11-11,2500,021232,,4,4,9,1300,0,3,5,,2,010,SR-78,"ELDER ROAD",0.00,,Y,A,-,Y,,,,,,,,,,Y,3,0,1,1,A,-,03,22350,,F,E,8,A,A,H,-,C,A,0,,,,,Y,,A,01,0,1,0,0,0,0,0,0,0,"- ","- ",32.999191284179688,-115.58992004394531,IMPERIAL,UNINCORPORATED,-115.58943176269531,32.999065399169922
91638680,2021,2021-11-30,9620,2021-11-20,0905,018734,,6,1,9,1300,0,3,5,,2,070,"FLOOD ROAD","ROSS RD",0.00,,Y,A,-,N,,,,,,,,,,Y,3,0,4,2,A,-,09,21802,A,N,C,C,A,A,H,-,A,D,0,,,,,Y,,A,01,0,4,0,0,0,0,0,0,0,"- ","- ",32.781711578369141,-114.57386016845703,IMPERIAL,UNINCORPORATED,-114.57392120361328,32.781753540039062
91641095,2021,2021-12-02,9620,2021-11-24,1336,019291,,3,1,9,1300,0,1,3,,1,063,SR-78,"THREE SLASHES RD",50.00,E,N,A,-,Y,,,78,,,,,,,Y,4,0,1,4,A,-,03,22350,,N,C,C,A,A,H,-,A,D,0,,,,,Y,,E,22,0,0,1,0,0,0,0,0,0,"- ","- ",33.296150207519531,-114.75009155273438,IMPERIAL,UNINCORPORATED,-114.75016021728516,33.296207427978516