CASE_ID,ACCIDENT_YEAR,PROC_DATE,JURIS,COLLISION_DATE,COLLISION_TIME,OFFICER_ID,REPORTING_DISTRICT,DAY_OF_WEEK,CHP_SHIFT,POPULATION,CNTY_CITY_LOC,SPECIAL_COND,BEAT_TYPE,CHP_BEAT_TYPE,CITY_DIVISION_LAPD,CHP_BEAT_CLASS,BEAT_NUMBER,PRIMARY_RD,SECONDARY_RD,DISTANCE,DIRECTION,INTERSECTION,WEATHER_1,WEATHER_2,STATE_HWY_IND,CALTRANS_COUNTY,CALTRANS_DISTRICT,STATE_ROUTE,ROUTE_SUFFIX,POSTMILE_PREFIX,POSTMILE,LOCATION_TYPE,RAMP_INTERSECTION,SIDE_OF_HWY,TOW_AWAY,COLLISION_SEVERITY,NUMBER_KILLED,NUMBER_INJURED,PARTY_COUNT,PRIMARY_COLL_FACTOR,PCF_CODE_OF_VIOL,PCF_VIOL_CATEGORY,PCF_VIOLATION,PCF_VIOL_SUBSECTION,HIT_AND_RUN,TYPE_OF_COLLISION,MVIW,PED_ACTION,ROAD_SURFACE,ROAD_COND_1,ROAD_COND_2,LIGHTING,CONTROL_DEVICE,CHP_ROAD_TYPE,PEDESTRIAN_ACCIDENT,BICYCLE_ACCIDENT,MOTORCYCLE_ACCIDENT,TRUCK_ACCIDENT,NOT_PRIVATE_PROPERTY,ALCOHOL_INVOLVED,STWD_VEHTYPE_AT_FAULT,CHP_VEHTYPE_AT_FAULT,COUNT_SEVERE_INJ,COUNT_VISIBLE_INJ,COUNT_COMPLAINT_PAIN,COUNT_PED_KILLED,COUNT_PED_INJURED,COUNT_BICYCLIST_KILLED,COUNT_BICYCLIST_INJURED,COUNT_MC_KILLED,COUNT_MC_INJURED,PRIMARY_RAMP,SECONDARY_RAMP,LATITUDE,LONGITUDE,COUNTY,CITY,POINT_X,POINT_Y
91641314,2021,2021-12-02,9625,2021-11-23,1745,019668,,2,2,9,1300,0,3,5,,2,050,"WORTHINGTON ROAD","COOLEY ROAD",1531.00,W,N,A,-,N,,,,,,,,,,Y,3,0,1,1,A,-,08,22107,,N,F,A,A,A,H,-,D,D,0,,,Y,,Y,,O,05,0,1,0,0,0,0,0,0,1,"- ","- ",32.847221374511719,-115.52352142333984,IMPERIAL,UNINCORPORATED,-115.52342987060547,32.847370147705078
91642595,2021,2021-12-10,9625,2021-11-25,2130,019668,,4,2,9,1300,0,2,4,,2,046,"DOGWOOD ROAD","WILLOUGHBY ROAD",15.00,N,N,A,-,N,,,,,,,,,,Y,3,0,3,3,A,-,01,23152,A,N,C,C,A,A,H,-,D,A,0,,,,,Y,Y,A,01,0,3,0,0,0,0,0,0,0,"- ","- ",32.7086181640625,-115.53408813476562,IMPERIAL,UNINCORPORATED,-115.53408050537109,32.708492279052734
91644533,2021,2021-12-06,9625,2021-12-01,0230,020996,,3,3,9,1300,0,3,5,,2,040,"ATEN ROAD","SILSBEE ROAD",300.00,W,N,A,-,N,,,,,,,,,,Y,4,0,1,1,A,-,01,23152,A,N,E,I,A,A,H,-,D,A,0,,,,,Y,Y,A,07,0,0,1,0,0,0,0,0,0,"- ","- ",32.825618743896484,-115.64743804931641,IMPERIAL,UNINCORPORATED,-115.64739990234375,32.825534820556641
91650957,2021,2021-12-13,9625,2021-12-09,1355,019668,,4,1,9,1300,0,1,3,,2,043,SR-86,"MCCABE ROAD",0.00,,Y,A,-,Y,,,86,,,,,,,Y,4,0,1,2,A,-,03,22350,,N,C,C,A,A,H,-,A,A,0,,,,,Y,,A,01,0,0,1,0,0,0,0,0,0,"- ","- ",32.752361297607422,-115.55184173583984,IMPERIAL,UNINCORPORATED,-115.55187225341797,32.752357482910156
91651638,2021,2021-12-14,9625,2021-12-07,1330,018368,,2,1,9,1300,0,2,4,,2,046,"DOGWOOD ROAD","CAREY ROAD",2587.00,N,N,A,-,N,,,,,,,,,,Y,2,0,1,1,A,-,08,22107,,N,F,A,A,A,H,-,A,D,0,,,,,Y,,D,22,1,0,0,0,0,0,0,0,0,"- ","- ",32.934410095214844,-115.53546142578125,IMPERIAL,UNINCORPORATED,-115.53554534912109,32.934341430664062
91662142,2021,2021-12-27,9625,2021-12-10,1956,018933,,5,2,9,1300,0,1,3,,2,023,SR-115,"SILLIMAN ROAD",0.00,,Y,A,-,Y,,,115,,,,,,,Y,2,0,1,2,A,-,03,22350,,N,C,C,A,A,H,-,D,D,0,,,Y,Y,Y,,G,25,1,0,0,0,0,0,0,0,1,"- ","- ",32.981899261474609,-115.44873809814453,IMPERIAL,UNINCORPORATED,-115.44874572753906,32.981899261474609
91663920,2021,2021-12-28,9625,2021-12-17,0955,016248,,5,1,9,1300,0,1,1,,2,004,"I-8 W/B","HOLDRIDGE ROAD",783.00,E,N,A,-,Y,,,8,,,,,,W,Y,2,0,2,1,A,-,08,22107,,N,F,A,A,A,H,-,A,D,0,,,,,Y,,A,01,1,1,0,0,0,0,0,0,0,"- ","- ",32.765361785888672,-115.27005004882812,IMPERIAL,UNINCORPORATED,-115.27016448974609,32.765037536621094
91665448,2021,2021-12-29,9625,2021-12-22,1415,019668,,3,2,9,1300,0,1,3,,2,055,SR-115,"HOYT ROAD",48.00,N,N,A,-,Y,,,115,,,,,,,Y,2,0,3,2,A,-,12,22450,A,N,D,C,A,A,H,-,A,A,0,,,Y,,Y,,C,06,1,2,0,0,0,0,0,0,2,"- ","- ",32.796821594238281,-115.31575012207031,IMPERIAL,UNINCORPORATED,-115.31572723388672,32.796848297119141
91665681,2021,2021-12-29,9625,2021-12-22,1800,018792,,3,2,9,1300,0,2,4,,2,046,"DOGWOOD ROAD","MCCABE ROAD",250.00,N,N,A,-,N,,,,,,,,,,Y,4,0,2,2,A,-,01,23152,A,N,C,C,A,A,H,-,D,D,0,,,,,Y,Y,A,01,0,0,2,0,0,0,0,0,0,"- ","- ",32.754081726074219,-115.53486633300781,IMPERIAL,UNINCORPORATED,-115.53485870361328,32.7530517578125
91669934,2021,2022-01-04,9625,2021-12-27,1100,018978,,1,1,9,1300,0,1,3,,1,011,"SR-86 S/B","KALIN ROAD",73.00,N,N,A,-,Y,,,86,,,,,,S,Y,2,0,2,2,A,-,03,22350,,N,C,C,A,A,H,-,A,D,0,,,,Y,Y,,A,01,2,0,0,0,0,0,0,0,0,"- ","- ",32.984909057617188,-115.57843017578125,IMPERIAL,UNINCORPORATED,-115.57839202880859,32.984939575195312
91695925,2021,2022-04-11,9620,2021-12-26,2203,020054,QUECH,7,3,9,1300,0,1,1,,2,082,"I-8 W/B","WINTERHAVEN DRIVE",3115.00,W,N,A,-,Y,,,8,,,,,,W,Y,1,1,0,2,A,-,11,21954,A,N,G,B,D,A,H,-,D,D,0,Y,,,,Y,,N,60,0,0,0,1,0,0,0,0,0,"- ","- ",32.737438201904297,-114.66013336181641,IMPERIAL,UNINCORPORATED,-114.66013336181641,32.7374267578125
91718214,2021,2022-03-08,9625,2021-08-14,0426,020738,,6,3,9,1300,0,1,3,,1,011,"SR-86 N/B","SR-78 EASTBOUND (BRAWLEY BYPASS)",0.00,,Y,A,-,Y,,,86,,,,,,N,N,1,1,2,2,A,-,01,23152,A,N,A,C,A,A,H,-,C,A,0,,,,,Y,Y,A,01,2,0,0,0,0,0,0,0,0,"- ","- ",32.999290466308594,-115.58876037597656,IMPERIAL,UNINCORPORATED,-115.58879089355469,32.999267578125
9216582,2021,2021-03-11,1304,2021-01-04,1708,368,E,1,5,4,1304,0,0,0,,0,WEST,"8TH ST",FIELDVIEW,0.00,,Y,A,-,N,,,,,,,,,,Y,2,0,1,2,A,-,09,21801,A,N,D,C,A,A,H,-,B,A,0,,,,,Y,,-,,1,0,0,0,0,0,0,0,0,"- ","- ",,,IMPERIAL,"EL CENTRO",-115.56086730957031,32.761367797851562
9218309,2021,2021-03-13,1304,2021-01-21,1024,326,EEAS,4,5,4,1304,0,0,0,,0,EAST,4TH,SMOKETREE,10.00,N,N,A,-,N,,,,,,,,,,N,3,0,1,4,A,-,03,22350,,N,C,C,A,A,H,-,A,A,0,,,,,Y,,A,01,0,1,0,0,0,0,0,0,0,"- ","- ",,,IMPERIAL,"EL CENTRO",-115.55226135253906,32.775379180908203
9221903,2021,2021-03-11,1304,2021-02-16,1019,320,EWES,2,5,4,1304,0,0,0,,0,WEST,ADAMS,8TH,102.00,W,N,A,-,Y,IMP,11,86,-,L,8.050,H,-,S,Y,3,0,1,3,A,-,03,22350,,N,C,C,A,A,H,-,A,A,0,,,,,Y,,D,22,0,1,0,0,0,0,0,0,0,"- ","- ",,,IMPERIAL,"EL CENTRO",-115.56189727783203,32.796554565429688
9234373,2021,2021-04-15,1304,2021-03-10,1543,358,,3,5,4,1304,0,0,0,,0,WEST,BRADSHAW,IMPERIAL,0.00,W,N,A,-,N,,,,,,,,,,Y,3,0,1,2,A,-,09,21804,A,N,D,C,A,A,H,-,A,D,0,,,,,Y,,-,,0,1,0,0,0,0,0,0,0,"- ","- ",32.811149597167969,-115.57192993164062,IMPERIAL,"EL CENTRO",-115.56999969482422,32.811073303222656
9240280,2021,2021-04-12,1304,2021-03-20,1620,361,ELCE,6,5,4,1304,0,0,0,,0,EAST,ADAMS,6TH,0.00,,Y,A,-,Y,IMP,11,86,-,-,7.770,I,5,N,Y,3,0,1,2,A,-,12,21453,A,N,D,C,A,A,H,-,A,A,0,,,,,Y,,A,07,0,1,0,0,0,0,0,0,0,"- ","- ",,,IMPERIAL,"EL CENTRO",-115.56987762451172,32.803150177001953
9240441,2021,2021-04-20,1301,2021-01-28,0557,906,BRAWL,4,5,3,1301,0,0,0,,0,0B4,"RT 111","RT 78",57.00,S,N,A,-,Y,IMP,11,111,-,R,22.000,H,-,N,Y,4,0,4,2,A,-,08,22107,,N,C,C,A,A,H,-,B,A,0,,,,,Y,,A,07,0,0,4,0,0,0,0,0,0,"- ","- ",,,IMPERIAL,BRAWLEY,-115.50135040283203,32.978424072265625
9244956,2021,2021-04-13,1306,2021-01-23,2045,R1772,OCOTI,6,5,2,1306,0,0,0,,0,906,"COUNTY LINE RD","RT 78",0.00,,Y,A,-,N,,,,,,,,,,N,2,0,1,1,A,-,03,38305,,N,H,A,A,A,A,B,D,D,0,,,,,Y,,A,07,1,0,0,0,0,0,0,0,0,"- ","- ",,,IMPERIAL,IMPERIAL,-114.97940063476562,33.022342681884766
9254892,2021,2021-04-29,1304,2021-03-17,2047,368,E1,3,5,4,1304,0,0,0,,0,WEST,"LA BRUCHERIE",ADAMS,0.00,,Y,A,-,N,,,,,,,,,,Y,3,0,3,2,A,-,12,21453,A,N,A,C,A,A,H,-,C,A,0,,,,,Y,,-,,0,3,0,0,0,0,0,0,0,"- ","- ",,,IMPERIAL,"EL CENTRO",-115.57872009277344,32.796550750732422
9263371,2021,2021-05-13,1304,2021-04-22,1304,332,EAST,4,5,4,1304,0,0,0,,0,EAST,"8TH ST",WAKE,800.00,N,N,A,-,N,,,,,,,,,,Y,3,0,3,3,A,-,03,22350,,N,A,C,A,A,H,-,-,A,0,,,,,Y,,A,01,0,3,0,0,0,0,0,0,0,"- ","- ",32.774398803710938,-115.56034088134766,IMPERIAL,"EL CENTRO",-115.56108856201172,32.7728271484375
9263428,2021,2021-05-24,1304,2021-04-27,1330,361,ELCE,2,5,4,1304,0,0,0,,0,WEST,"RT 86",SCOTT,314.00,S,N,A,-,Y,IMP,11,86,-,-,7.580,H,-,S,N,4,0,2,2,A,-,03,22350,,N,C,C,A,A,H,-,A,A,0,,,,,Y,,D,22,0,0,2,0,0,0,0,0,0,"- ","- ",,,IMPERIAL,"EL CENTRO",-115.56992340087891,32.800498962402344
9265934,2021,2021-05-26,1304,2021-05-03,1036,363,EPTRL,1,5,4,1304,0,0,0,,0,WEST,"8TH ST",ADAMS,0.00,,Y,A,-,N,,,,,,,,,,N,3,0,1,2,A,-,08,22107,,N,D,G,A,A,H,-,A,D,0,,Y,,,Y,,L,04,0,1,0,0,0,0,1,0,0,"- ","- ",32.797080993652344,-115.56140899658203,IMPERIAL,"EL CENTRO",-115.56147766113281,32.796550750732422
9265935,2021,2021-05-26,1304,2021-05-07,1450,E0187,EWEST,5,5,4,1304,0,0,0,,0,WEST,"LA BRUCHERIE",OLIVE,0.00,,Y,A,-,N,,,,,,,,,,Y,4,0,1,2,A,-,09,21800,A,N,D,C,A,A,H,-,A,-,0,,,,,Y,,A,01,0,0,1,0,0,0,0,0,0,"- ","- ",32.790779113769531,-115.57871246337891,IMPERIAL,"EL CENTRO",-115.57859039306641,32.790779113769531
9269923,2021,2021-06-07,1301,2021-04-14,1437,908,BRAWL,3,5,3,1301,0,0,0,,0,0B1,"A ST","NORTH IMPERIAL AV",0.00,,Y,A,-,N,,,,,,,,,,Y,4,0,1,2,A,-,12,22450,A,N,D,C,A,A,H,-,A,A,0,,,,,Y,,D,22,0,0,1,0,0,0,0,0,0,"- ","- ",,,IMPERIAL,BRAWLEY,-115.53497314453125,32.984161376953125
9270725,2021,2021-06-04,1301,2021-04-12,1102,904,BRAWL,1,5,3,1301,0,0,0,,0,003,"E ST","N CESAR CHAVEZ ST",0.00,,Y,A,-,N,,,,,,,,,,Y,4,0,1,2,A,-,09,21804,A,N,D,C,A,A,H,-,A,A,0,,,,,Y,,A,01,0,0,1,0,0,0,0,0,0,"- ","- ",,,IMPERIAL,BRAWLEY,-115.52639770507812,32.979770660400391
9271386,2021,2021-06-17,1304,2021-05-17,1214,320,ELCE,1,5,4,1304,0,0,0,,0,,"4TH ST","DESERT GARDENS",35.00,S,N,A,-,N,,,,,,,,,,N,4,0,1,2,A,-,03,22350,,N,C,C,A,A,H,-,A,D,0,,,,,Y,,A,01,0,0,1,0,0,0,0,0,0,"- ","- ",,,IMPERIAL,"EL CENTRO",-115.55239868164062,32.780864715576172
9276129,2021,2021-08-31,1304,2021-08-17,1457,368,E1,2,5,4,1304,0,0,0,,0,EAST,"RT 86",AURORA,0.00,,Y,A,-,Y,IMP,11,86,-,-,6.324,I,5,N,Y,3,0,1,2,A,-,12,21453,A,N,D,C,A,A,H,-,A,A,0,,,,,Y,,-,,0,1,0,0,0,0,0,0,0,"- ","- ",32.778438568115234,-115.55226135253906,IMPERIAL,"EL CENTRO",-115.55236053466797,32.778446197509766
9284174,2021,2021-07-21,1304,2021-06-09,0143,345,,3,5,4,1304,0,0,0,,0,EAST,"W HOLT","W HOLT 400",0.00,,N,A,-,N,,,,,,,,,,Y,3,0,1,3,A,-,01,23152,A,N,C,E,A,A,H,-,C,D,0,,,,,Y,Y,A,01,0,1,0,0,0,0,0,0,0,"- ","- ",32.787761688232422,-115.55438995361328,IMPERIAL,"EL CENTRO",-115.54399108886719,32.787746429443359
9286360,2021,2021-07-21,1304,2021-06-07,0518,345,,1,5,4,1304,0,0,0,,0,WEST,"IMPERIAL AV",BRADSHAW,0.00,,Y,A,-,Y,IMP,11,86,-,-,8.302,I,5,N,Y,4,0,2,2,A,-,01,23152,A,N,C,C,A,A,H,-,A,A,0,,,,,Y,Y,A,01,0,0,2,0,0,0,0,0,0,"- ","- ",32.810340881347656,-115.56977844238281,IMPERIAL,"EL CENTRO",-115.56992340087891,32.811126708984375
9287561,2021,2021-07-27,1304,2021-07-08,1249,327,,4,5,4,1304,0,0,0,,0,EAST,"4TH ST","AURORA DR",392.00,N,N,A,-,Y,IMP,11,86,-,-,6.390,H,-,S,N,3,0,1,2,A,-,09,21801,A,N,D,C,A,A,H,-,A,D,0,,,,,Y,,A,01,0,1,0,0,0,0,0,0,0,"- ","- ",,,IMPERIAL,"EL CENTRO",-115.55239105224609,32.779388427734375
9291242,2021,2021-08-13,1304,2021-06-11,1935,325,E1,5,5,4,1304,0,0,0,,0,EAST,EUCLID,10TH,0.00,,Y,A,-,N,,,,,,,,,,Y,4,0,1,2,A,-,12,22450,,M,D,C,A,A,H,-,B,A,0,,,,,Y,,A,01,0,0,1,0,0,0,0,0,0,"- ","- ",32.798500061035156,-115.56363677978516,IMPERIAL,"EL CENTRO",-115.56365966796875,32.798374176025391
9291243,2021,2021-08-13,1304,2021-06-23,1143,327,EPTRL,3,5,4,1304,0,0,0,,0,,"WEST MAIN ST","8TH ST",160.00,W,N,A,-,N,,,,,,,,,,N,3,0,1,2,A,-,05,21650,1,N,D,G,A,A,H,-,A,A,0,,Y,,,Y,,L,04,0,1,0,0,0,0,1,0,0,"- ","- ",,,IMPERIAL,"EL CENTRO",-115.56195068359375,32.792831420898438
9291244,2021,2021-08-13,1304,2021-06-28,1317,363,EWES,1,5,4,1304,0,0,0,,0,WEST,IMPERIAL,PICO,0.00,,N,A,-,N,,,86,,,,,,,Y,3,0,1,3,A,-,03,22350,,N,C,C,A,A,H,-,A,D,0,,,,,Y,,A,01,0,1,0,0,0,0,0,0,0,"- ","- ",32.80419921875,-115.56974029541016,IMPERIAL,"EL CENTRO",-115.56987762451172,32.80419921875
9291514,2021,2021-07-21,1304,2021-06-13,1014,322,ELCE,7,5,4,1304,0,0,0,,0,WEST,"LA BRUCHERIE","LINCOLN AV",0.00,,Y,A,-,N,,,,,,,,,,Y,3,0,3,2,A,-,12,21453,A,N,D,C,A,A,H,-,A,A,0,,,,,Y,,-,,0,1,2,0,0,0,0,0,0,"- ","- ",32.807388305664062,-115.57862091064453,IMPERIAL,"EL CENTRO",-115.57865905761719,32.807365417480469
9295945,2021,2021-08-03,1304,2021-07-08,1705,326,EAST,4,5,4,1304,0,0,0,,0,,4TH,BROADWAY,0.00,,Y,A,-,N,,,86,,,,,,,Y,4,0,1,2,A,-,09,21804,A,N,A,C,A,A,H,-,A,D,0,,,,,Y,,A,07,0,0,1,0,0,0,0,0,0,"- ","- ",32.793758392333984,-115.55252838134766,IMPERIAL,"EL CENTRO",-115.55252838134766,32.793758392333984
9299703,2021,2021-09-13,1304,2021-07-16,1331,326,EAST,5,5,4,1304,0,0,0,,0,,DOGWOOD,BRIGHTON,4.00,S,N,A,-,N,,,,,,,,,,Y,4,0,2,4,A,-,03,22350,,M,C,C,A,A,H,-,A,A,0,,,,,Y,,A,07,0,0,2,0,0,0,0,0,0,"- ","- ",,,IMPERIAL,"EL CENTRO",-115.53556823730469,32.789768218994141
9299720,2021,2021-09-13,1304,2021-07-30,1005,361,ELCE,5,5,4,1304,0,0,0,,0,EAST,JACKRABBIT,"3RD ST",0.00,,N,B,-,N,,,,,,,,,,Y,3,0,2,2,A,-,08,22107,,N,B,C,A,A,H,-,A,D,0,,,,,Y,,A,01,0,1,1,0,0,0,0,0,0,"- ","- ",32.761589050292969,-115.54945373535156,IMPERIAL,"EL CENTRO",-115.54772186279297,32.761547088623047
9299989,2021,2021-09-07,1301,2021-05-19,1658,908,BRAWL,3,5,3,1301,0,0,0,,0,0B2,"RT 86","MALAN ST",0.00,,Y,A,-,Y,IMP,11,86,-,-,20.068,I,5,N,Y,3,0,2,2,A,-,09,21804,A,N,D,C,A,A,H,-,A,A,0,,,,Y,Y,,A,01,0,2,0,0,0,0,0,0,0,"- ","- ",,,IMPERIAL,BRAWLEY,-115.54371643066406,32.971279144287109
9301282,2021,2021-08-19,1304,2021-07-24,2106,358,,6,5,4,1304,0,0,0,,0,,ROSS,IMPERIAL,0.00,,N,A,-,N,,,,,,,,,,N,3,0,1,2,A,-,11,21954,A,N,G,B,D,A,H,-,C,A,0,Y,,,,Y,,N,60,0,1,0,0,1,0,0,0,0,"- ","- ",,,IMPERIAL,"EL CENTRO",-115.56968688964844,32.781482696533203
9313045,2021,2021-09-30,1304,2021-08-10,0738,EID,EWEST,2,5,4,1304,0,0,0,,0,WEST,HOLT,"10TH ST",0.00,,Y,A,-,N,,,,,,,,,,N,3,0,1,2,A,-,05,21650,1,N,A,G,A,A,H,-,A,D,0,,Y,,,Y,,L,04,0,1,0,0,0,0,1,0,0,"- ","- ",32.78778076171875,-115.56308746337891,IMPERIAL,"EL CENTRO",-115.5634765625,32.787757873535156
9320605,2021,2023-06-20,1301,2021-11-22,1953,910,BRAWL,1,5,3,1301,0,0,0,,0,0B1,"OLD HWY 111","OLD HWY 111 4705A",0.00,,N,A,-,N,,,,,,,,,,N,1,1,2,6,A,-,08,22107,,N,A,C,A,A,H,-,D,D,0,,,,,Y,Y,A,01,1,0,1,0,0,0,0,0,0,"- ","- ",32.993740081787109,-115.52648162841797,IMPERIAL,BRAWLEY,,
9338536,2021,2021-10-13,1304,2021-09-10,1426,333,EAST,5,5,4,1304,0,0,0,,0,,BROADWAY,SEVENTH,0.00,,Y,A,-,N,,,,,,,,,,Y,3,0,1,3,A,-,09,21802,A,N,D,C,A,A,H,-,A,A,0,,,,,Y,,-,,0,1,0,0,0,0,0,0,0,"- ","- ",,,IMPERIAL,"EL CENTRO",-115.55911254882812,32.793865203857422
9340325,2021,2021-10-29,1304,2021-09-09,1640,361,ELCE,4,5,4,1304,0,0,0,,0,EAST,"S DOGWOOD","S DOGWOOD 1600",0.00,,Y,A,-,N,,,,,,,,,,Y,3,0,4,3,A,-,03,22350,,N,C,C,A,A,H,-,A,A,0,,,,,Y,,A,07,0,2,2,0,0,0,0,0,0,"- ","- ",32.779430389404297,-115.53530883789062,IMPERIAL,"EL CENTRO",-115.53537750244141,32.781490325927734
9350040,2021,2021-11-09,1304,2021-09-29,0901,325,ELCE,3,5,4,1304,0,0,0,,0,EAST,4TH,"RT 8",0.00,,Y,A,-,N,,,86,,,,,,,N,3,0,1,2,A,-,12,21453,A,N,D,C,A,A,H,-,A,A,0,,,,,Y,,-,,0,1,0,0,0,0,0,0,0,"- ",EO,32.773189544677734,-115.55210876464844,IMPERIAL,"EL CENTRO",-115.55223083496094,32.773189544677734
9357209,2021,2021-12-14,1304,2021-10-21,0938,325,ELCE,4,5,4,1304,0,0,0,,0,EAST,4TH,"LENREY AV",0.00,,Y,A,-,N,,,,,,,,,,Y,3,0,1,4,A,-,07,21658,A,N,C,C,A,A,H,-,A,D,0,,,,,Y,,A,01,0,1,0,0,0,0,0,0,0,"- ","- ",,,IMPERIAL,"EL CENTRO",-115.55245208740234,32.783039093017578
9364419,2021,2021-12-02,1304,2021-10-30,2152,337,ELCE,6,5,4,1304,0,0,0,,0,WEST,"12TH ST",STACEY,0.00,,Y,A,-,N,,,,,,,,,,Y,3,0,2,2,A,-,09,21800,A,N,D,C,A,A,H,-,C,D,0,,,,,Y,Y,A,01,0,2,0,0,0,0,0,0,0,"- ","- ",,,IMPERIAL,"EL CENTRO",-115.56566619873047,32.800651550292969
9367143,2021,2021-12-09,1304,2021-11-05,1319,325,ELCE,5,5,4,1304,0,0,0,,0,WEST,"IMPERIAL AV","VILLA AV",0.00,,-,A,-,Y,IMP,11,86,-,-,7.809,I,5,N,Y,3,0,1,2,A,-,03,22350,,N,C,C,A,A,H,-,A,D,0,,,,,Y,,-,,0,1,0,0,0,0,0,0,0,"- ","- ",32.801429748535156,-115.56977081298828,IMPERIAL,"EL CENTRO",-115.56987762451172,32.803684234619141
9373833,2021,2021-12-16,1304,2021-11-16,1525,322,EAST,2,5,4,1304,0,0,0,,0,,"ROSS AV","3RD AV",0.00,,Y,A,-,N,,,,,,,,,,Y,3,0,1,2,A,-,08,22107,,N,D,C,A,A,H,-,A,D,0,,,,,Y,,A,01,0,1,0,0,0,0,0,0,0,"- ","- ",32.781490325927734,-115.55062866210938,IMPERIAL,"EL CENTRO",-115.55030822753906,32.781455993652344
9375067,2021,2021-12-16,1304,2021-11-16,1643,,EWES,2,5,4,1304,0,0,0,,0,WEST,"8TH ST",CRUICKSHANK,0.00,,N,A,-,N,,,,,,,,,,Y,3,0,1,2,A,-,03,22350,,N,C,C,A,A,H,-,A,A,0,,,,,Y,,A,01,0,1,0,0,0,0,0,0,0,"- ","- ",32.815448760986328,-115.56146240234375,IMPERIAL,"EL CENTRO",-115.56153106689453,32.814754486083984
9378827,2021,2021-12-29,1304,2021-12-06,1711,350,,1,5,4,1304,0,0,0,,0,,"ADAMS AV","12TH ST",0.00,,Y,A,-,Y,IMP,11,86,-,L,8.266,I,5,S,N,2,0,1,2,A,-,10,21950,A,N,G,B,B,A,H,-,C,A,0,Y,,,,Y,,A,07,1,0,0,0,1,0,0,0,0,"- ","- ",,,IMPERIAL,"EL CENTRO",-115.56560516357422,32.796554565429688
9378931,2021,2021-12-29,1304,2021-12-08,1525,339,ELCE,3,5,4,1304,0,0,0,,0,WEST,"IMPERIAL AV","EUCLID AV",19.90,S,N,A,-,Y,IMP,11,86,-,-,7.420,H,-,S,N,4,0,1,2,A,-,10,21954,B,N,B,B,D,A,H,-,A,A,0,Y,,,,Y,,A,01,0,0,1,0,1,0,0,0,0,"- ","- ",,,IMPERIAL,"EL CENTRO",-115.56996917724609,32.798236846923828
9378999,2021,2022-01-03,1304,2021-12-13,1525,320,EAST,1,5,4,1304,0,0,0,,0,EAST,ADAMS,6TH,0.00,,Y,A,-,Y,IMP,11,86,-,L,7.770,I,5,S,Y,3,0,2,2,A,-,12,21453,A,N,D,C,A,A,H,-,A,A,0,,,,,Y,,A,01,0,2,0,0,0,0,0,0,0,"- ","- ",,,IMPERIAL,"EL CENTRO",-115.55709838867188,32.796558380126953
9379301,2021,2022-01-19,1304,2021-12-17,1235,361,ELCE,5,5,4,1304,0,0,0,,0,EAST,"RT 86","RT 8",13.00,N,N,A,-,Y,IMP,11,86,-,-,6.040,H,-,N,N,3,0,1,2,A,-,10,21950,A,N,G,B,B,A,H,-,A,A,0,Y,,,,Y,,A,01,0,1,0,0,1,0,0,0,0,"- ",WF,,,IMPERIAL,"EL CENTRO",-115.55224609375,32.774276733398438
9380093,2021,2022-02-14,1304,2021-11-21,0606,358,,7,5,4,1304,0,0,0,,0,EASE,"ADAMS AV","4TH ST",0.00,,-,A,-,Y,IMP,11,86,-,L,7.560,H,-,N,Y,3,0,1,1,A,-,07,21658,A,M,E,I,A,A,H,-,B,D,0,,,,,Y,,-,,0,1,0,0,0,0,0,0,0,"- ","- ",32.796298980712891,-115.55364227294922,IMPERIAL,"EL CENTRO",-115.55374145507812,32.796215057373047
9384350,2021,2022-01-11,1304,2021-12-10,0808,341,EWEST,5,5,4,1304,0,0,0,,0,EAST,MAIN,WATERMAN,0.00,,Y,A,-,N,,,,,,,,,,N,4,0,2,2,A,-,09,21802,A,N,D,C,A,A,H,-,A,D,0,,,,,Y,,A,01,0,0,2,0,0,0,0,0,0,"- ","- ",32.792770385742188,-115.57421112060547,IMPERIAL,"EL CENTRO",-115.57420349121094,32.792797088623047
9417263,2021,2022-03-21,1304,2021-08-29,1836,325,ELCE,7,5,4,1304,0,0,0,,0,WEST,OCOTILLO,"LA BRUCHARD",0.00,,Y,A,-,N,,,,,,,,,,N,3,0,1,2,A,-,03,22350,,N,C,C,A,A,H,-,B,A,0,,,,,Y,,A,01,0,1,0,0,0,0,0,0,0,"- ","- ",32.777328491210938,-115.578369140625,IMPERIAL,"EL CENTRO",,